CONSECUTIVO,ID_ENCUESTA,CE_ACCESSIBILITY,CE_CSAT,CE_VALUEFORMONEY,EM_IMMEDIATEATTENTION,EM_NURSING,EM_DOCTOR,EM_OVERALL,AD_TIME,AD_TARRIFFPACKAGESEXPLAINATION,AD_STAFFATTITUDE,INR_ROOMCLEANLINESS,INR_ROOMPEACE,INR_ROOMEQUIPMENT,INR_ROOMAMBIENCE,FNB_FOODQUALITY,FNB_FOODDELIVERYTIME,FNB_DIETICIAN,FNB_STAFFATTITUDE,AE_ATTENDEECARE,AE_PATIENTSTATUSINFO,AE_ATTENDEEFOOD,DOC_TREATMENTEXPLAINATION,DOC_ATTITUDE,DOC_VISITS,DOC_TREATMENTEFFECTIVENESS,NS_CALLBELLRESPONSE,NS_NURSESATTITUDE,NS_NURSEPROACTIVENESS,NS_NURSEPATIENCE,OVS_OVERALLSTAFFATTITUDE,OVS_OVERALLSTAFFPROMPTNESS,OVS_SECURITYATTITUDE,DP_DISCHARGETIME,DP_DISCHARGEQUERIES,DP_DISCHARGEPROCESS,DIASINTERNADO,SCORENPS,NPS
22,6796,4,3,2,3,4,4,4,2,3,3,4,3,4,4,3,3,4,3,4,4,3,4,4,4,4,3,3,3,4,3,4,2,3,4,3,7,5,Detractor
33,25283,3,2,2,4,4,4,4,2,2,3,3,3,3,3,3,3,3,3,3,3,3,4,4,3,3,4,4,3,4,4,3,4,3,3,3,1,5,Detractor
51,43260,4,3,3,4,4,4,4,4,4,4,4,4,4,4,3,4,4,4,4,4,3,4,4,4,4,4,4,4,4,4,4,4,3,4,4,55,6,Detractor
67,30413,2,2,2,3,4,4,3,3,3,3,3,3,3,3,3,3,3,3,3,3,3,3,3,3,3,4,4,3,3,3,3,3,3,3,3,1,2,Detractor
74,33858,4,4,4,4,4,4,4,4,4,4,4,4,4,4,3,4,4,4,4,4,4,4,4,4,4,4,4,4,4,4,4,4,4,4,4,5,4,Detractor
77,17821,3,2,3,4,3,3,3,4,2,2,2,1,2,2,2,2,2,1,2,2,1,2,3,2,2,2,3,2,1,2,1,3,1,1,2,2,5,Detractor
108,77281,4,4,4,4,4,4,4,3,3,3,3,3,3,3,3,3,3,3,3,3,3,4,4,4,4,3,3,3,3,3,3,3,3,3,3,1,6,Detractor
119,4729,4,3,1,4,4,4,4,3,3,3,3,3,3,3,2,3,3,3,3,3,3,4,4,4,4,4,4,4,4,4,3,4,3,3,3,4,0,Detractor
141,42486,4,3,2,4,4,4,4,2,3,3,3,3,3,3,3,3,3,3,3,3,3,4,4,4,4,4,4,4,4,4,4,4,3,3,3,5,5,Detractor
151,7218,3,3,3,2,2,3,3,2,1,2,1,1,2,1,1,1,1,1,1,2,1,3,3,2,3,2,3,2,2,3,3,2,3,3,3,8,5,Detractor
176,64735,3,3,3,4,4,4,4,3,3,3,4,4,3,3,3,3,3,3,4,3,3,4,4,3,4,4,4,4,4,4,4,4,3,3,3,3,6,Detractor
186,72138,4,4,3,4,4,4,4,3,3,3,3,3,3,3,3,3,3,3,3,3,3,3,3,3,3,3,4,3,3,4,4,3,3,3,3,2,6,Detractor
191,82387,4,4,4,4,4,4,4,4,4,4,4,4,4,4,3,3,3,3,3,3,3,4,4,4,4,4,4,4,4,4,4,4,4,4,4,7,6,Detractor
196,72394,3,3,3,4,4,4,4,4,3,3,3,3,3,3,3,3,3,3,3,3,3,3,3,3,4,4,4,4,4,4,4,4,3,3,3,3,5,Detractor
224,57413,3,3,3,4,4,4,4,3,3,4,3,3,3,3,3,3,3,3,3,3,3,4,3,3,3,3,4,4,3,4,3,4,3,3,3,5,6,Detractor
231,57175,4,4,3,4,4,4,4,3,4,4,4,4,4,4,2,3,3,3,3,3,3,4,4,4,4,4,4,4,4,4,4,4,4,4,4,2,1,Detractor
261,83634,3,3,3,4,4,4,4,2,4,3,4,4,4,4,1,3,4,4,4,4,4,4,3,3,3,4,4,4,4,4,3,4,3,2,3,1,0,Detractor
292,50478,4,3,3,3,4,4,4,1,2,2,2,3,3,3,3,3,2,3,3,3,2,4,4,3,4,4,4,4,4,4,4,3,2,2,2,0,6,Detractor
297,58073,4,3,3,4,4,4,4,4,2,3,3,3,4,3,3,3,4,4,3,3,3,3,3,3,3,4,4,3,3,3,2,3,2,3,3,5,6,Detractor
331,15435,3,2,2,3,3,3,3,3,3,3,3,2,3,2,3,2,1,2,1,1,1,3,3,3,4,3,3,2,2,2,3,3,3,3,3,2,5,Detractor
338,6459,4,2,3,3,4,4,3,3,3,3,3,3,3,3,3,3,3,3,3,3,3,4,4,4,4,4,4,4,4,3,3,3,2,3,3,2,5,Detractor
348,70583,4,4,4,4,3,4,3,4,3,3,4,4,4,4,3,3,3,4,4,4,3,4,4,4,4,4,4,4,4,4,4,4,3,4,4,3,2,Detractor
352,45636,2,3,2,1,1,3,2,3,3,3,3,3,3,3,1,3,3,3,3,1,2,1,2,2,3,3,3,3,2,3,3,3,2,3,2,5,5,Detractor
371,95183,3,3,2,4,3,3,3,2,1,1,4,1,3,3,2,3,2,2,1,3,2,4,4,3,3,2,2,2,1,1,1,3,2,3,3,3,5,Detractor
375,24166,3,3,3,4,4,4,4,3,3,3,3,3,3,3,2,3,2,3,3,2,2,4,4,4,4,4,4,3,3,4,4,4,3,3,3,8,6,Detractor
380,7935,3,2,2,3,3,3,3,1,2,1,2,1,1,1,1,1,2,1,2,2,1,4,4,4,4,1,1,2,1,1,1,1,2,3,3,0,5,Detractor
386,15850,1,1,1,1,2,1,1,3,3,3,2,3,1,2,3,3,3,3,3,2,3,3,2,2,3,4,4,3,3,3,3,3,3,3,3,9,1,Detractor
388,40203,4,4,4,4,4,4,4,3,3,3,3,3,3,3,3,3,3,3,3,3,3,3,3,3,3,3,3,3,3,3,3,3,3,3,3,2,5,Detractor
389,96460,3,3,3,4,4,4,4,3,3,3,4,4,4,3,3,3,3,3,3,3,3,4,3,3,4,4,4,4,4,4,4,4,3,3,3,0,6,Detractor
397,15580,3,2,2,3,3,3,3,3,3,3,1,1,1,3,1,2,2,2,1,2,2,3,3,3,3,3,3,3,3,3,3,3,2,3,3,3,4,Detractor
398,30355,4,3,3,4,4,4,4,1,4,3,3,3,4,3,3,3,3,3,3,3,3,3,3,3,3,3,3,3,3,4,3,3,3,3,3,7,6,Detractor
408,91980,3,3,2,4,4,4,4,3,3,3,3,3,3,3,3,3,3,3,3,3,3,4,4,3,4,3,4,3,3,3,3,4,1,1,1,6,6,Detractor
432,84738,2,2,2,4,4,4,4,3,3,3,3,3,3,3,3,3,3,3,3,3,3,4,4,4,4,3,4,3,3,3,3,4,3,3,3,14,5,Detractor
433,6754,3,3,2,2,2,3,3,3,3,3,3,3,3,3,1,2,3,3,3,3,1,4,4,3,4,4,4,4,4,4,3,4,3,3,3,6,3,Detractor
434,9942,3,3,2,4,4,4,4,3,3,3,3,3,3,3,3,3,3,3,3,3,3,4,4,3,4,4,4,4,4,4,3,4,3,3,3,1,4,Detractor
435,32057,3,3,2,4,4,4,4,3,3,3,2,3,3,3,1,2,2,4,3,3,1,3,3,2,3,3,4,3,3,3,3,3,2,2,2,7,6,Detractor
436,19247,4,4,2,4,4,4,4,4,4,4,4,4,4,4,4,4,4,4,3,4,3,4,3,4,3,4,4,4,4,4,4,4,4,4,4,3,5,Detractor
443,45500,3,3,3,4,4,4,4,4,4,4,4,4,4,4,2,2,2,2,3,3,3,3,3,3,3,3,3,3,3,3,3,3,3,3,3,3,6,Detractor
453,5072,2,3,2,2,2,2,2,2,2,1,2,1,3,2,2,1,2,2,1,2,1,2,2,2,2,2,1,2,2,2,2,2,2,3,3,2,2,Detractor
484,71795,4,3,3,4,4,4,4,3,3,4,4,3,4,4,3,3,3,4,4,4,3,4,4,4,4,4,4,4,4,4,4,4,3,3,3,3,6,Detractor
489,92515,3,2,3,4,4,4,4,3,3,3,3,3,4,3,3,3,3,4,4,4,3,4,4,4,4,4,4,4,4,4,4,4,3,3,3,2,3,Detractor
490,69911,4,3,2,4,4,4,3,3,3,3,2,2,2,2,3,3,3,3,3,3,3,3,3,3,3,3,3,3,3,3,3,3,1,3,3,6,5,Detractor
501,51868,3,3,2,4,4,4,4,3,3,4,3,3,3,3,3,3,3,3,3,3,3,4,4,3,4,4,4,4,4,4,4,4,3,3,3,2,6,Detractor
506,21434,2,2,2,2,2,2,2,4,3,3,3,3,3,3,3,2,3,3,3,2,2,3,4,3,3,4,4,4,4,3,3,3,3,3,3,1,3,Detractor
512,19749,4,4,4,4,4,4,4,4,4,4,4,4,4,4,4,4,4,4,4,4,4,4,4,4,4,4,4,4,4,4,4,4,4,4,4,0,1,Detractor
514,19743,3,3,3,4,4,4,4,3,3,3,3,3,3,3,3,3,3,3,3,3,3,4,4,4,4,4,4,4,4,4,4,4,3,3,3,1,2,Detractor
564,68656,2,3,3,4,4,4,4,3,3,4,3,3,3,3,3,3,3,3,4,4,3,4,4,3,4,4,4,4,4,4,4,4,3,3,3,4,6,Detractor
565,5245,4,4,3,4,4,4,4,3,3,3,4,4,4,4,3,2,3,4,3,3,3,3,3,3,4,4,4,4,4,4,4,4,3,3,3,3,5,Detractor
591,12469,1,2,2,2,2,4,2,3,3,2,1,1,3,2,2,1,3,2,1,2,2,4,4,4,4,1,2,2,1,3,1,2,3,3,3,8,1,Detractor
601,7772,3,3,3,4,3,4,4,4,4,4,3,4,3,2,1,3,4,4,3,4,2,4,4,4,4,3,3,4,4,3,3,4,4,4,4,8,6,Detractor
609,92704,2,3,3,4,4,4,4,3,3,3,3,3,3,3,3,3,3,3,3,3,3,4,4,3,4,4,4,4,4,4,4,4,3,3,3,2,2,Detractor
614,22173,2,3,2,4,4,4,4,4,4,4,1,3,1,1,2,3,3,3,3,3,3,4,4,4,4,4,4,4,4,3,3,3,2,2,3,2,5,Detractor
619,24824,3,3,2,4,4,3,4,3,2,4,2,3,3,3,2,1,3,4,3,3,2,3,3,3,3,3,4,3,4,4,3,3,3,3,3,10,6,Detractor
620,82828,4,4,1,4,4,4,4,4,1,4,2,2,2,2,2,3,3,4,2,3,2,4,4,4,4,4,4,4,4,4,4,4,3,4,4,1,6,Detractor
634,9540,4,3,3,4,4,4,4,4,3,4,3,3,3,3,2,3,4,4,4,4,2,4,4,4,4,4,4,4,4,4,4,4,3,4,4,4,4,Detractor
644,29709,3,3,2,3,4,3,4,4,2,3,4,4,3,3,4,4,4,4,3,3,3,3,3,4,3,3,3,2,3,4,4,3,3,3,3,4,6,Detractor
667,15545,4,4,3,4,3,4,4,4,4,4,4,4,4,4,3,3,3,3,4,4,3,4,4,4,4,3,3,3,3,3,3,3,4,4,4,2,6,Detractor
670,73019,2,2,2,1,1,1,1,1,1,1,1,1,1,3,1,1,1,3,1,1,2,3,3,3,3,3,3,3,3,3,2,3,2,2,2,3,1,Detractor
671,43370,4,3,3,4,4,4,3,3,4,4,4,4,3,3,2,4,4,4,4,4,2,4,4,4,4,4,4,4,4,4,4,4,2,3,4,3,6,Detractor
673,43375,2,2,2,3,3,3,3,3,3,3,3,3,3,3,3,3,3,3,3,3,3,3,3,3,3,4,4,3,3,3,3,4,3,3,3,5,4,Detractor
675,5820,4,3,3,4,4,4,4,3,3,4,4,3,4,4,3,3,3,4,4,4,3,4,4,4,4,4,4,4,4,4,4,4,3,4,3,3,6,Detractor
679,48431,2,2,1,3,3,3,3,3,3,3,3,3,3,3,3,3,3,3,3,3,3,2,3,1,2,2,3,2,1,2,2,2,2,3,3,3,5,Detractor
682,51163,2,2,3,3,4,4,3,1,2,2,3,3,3,3,3,2,2,3,4,4,3,4,4,4,4,4,4,3,4,4,3,3,3,3,3,3,5,Detractor
695,17319,3,3,3,3,4,4,3,3,3,3,3,3,3,3,3,3,3,3,3,3,3,4,4,4,4,4,4,4,4,4,4,4,3,3,3,3,6,Detractor
717,26876,3,3,2,4,4,4,4,4,4,4,1,3,4,2,3,4,2,4,4,4,4,3,4,3,4,3,4,4,4,4,4,4,1,3,1,1,5,Detractor
741,32859,2,1,1,3,3,3,3,3,3,3,3,3,3,3,3,3,3,3,3,3,2,3,3,3,3,3,3,3,3,3,3,3,3,3,3,5,0,Detractor
752,12408,4,3,3,2,3,2,1,3,3,3,3,3,3,3,3,3,3,3,3,3,3,4,4,4,4,4,4,4,4,4,4,4,3,3,3,3,6,Detractor
763,96392,3,3,3,4,4,4,4,4,3,4,3,4,3,3,3,3,3,3,3,3,3,4,4,3,4,4,4,4,4,4,4,4,3,3,3,2,5,Detractor
775,19209,3,3,3,4,4,4,4,3,3,3,3,3,3,3,3,3,3,3,3,4,3,4,4,4,4,4,4,4,4,4,4,4,3,3,3,7,6,Detractor
778,32090,4,3,3,4,4,4,4,3,2,3,4,3,4,3,3,3,3,3,3,3,3,3,3,3,2,3,4,3,4,4,3,2,3,3,3,5,6,Detractor
779,32094,2,2,2,3,3,3,3,3,3,3,3,3,2,2,1,1,1,2,2,1,1,3,4,2,2,3,3,2,2,3,1,2,2,3,3,4,5,Detractor
800,5035,3,2,2,4,4,4,3,3,2,3,2,2,3,2,1,1,3,3,2,3,1,3,3,3,3,3,4,3,3,3,3,3,1,1,1,2,2,Detractor
801,60406,2,1,1,3,3,3,3,3,3,3,3,3,3,3,2,3,3,3,3,3,2,3,3,3,3,3,4,3,3,3,3,3,3,3,3,4,2,Detractor
809,20121,3,3,2,4,4,4,3,3,3,3,3,1,2,2,3,2,3,4,3,3,3,4,4,4,4,4,4,4,4,4,4,4,3,3,3,4,6,Detractor
813,45003,4,4,4,2,3,2,2,2,2,3,4,4,4,4,3,3,3,4,3,2,3,4,4,3,2,4,4,4,4,4,4,4,2,2,2,4,5,Detractor
820,34265,3,3,2,4,4,4,4,4,3,3,2,2,3,2,3,3,3,4,3,4,2,4,4,4,4,4,4,4,4,4,4,4,3,4,3,8,5,Detractor
824,78155,3,3,3,3,3,3,3,3,3,3,3,3,3,3,2,2,2,2,2,3,2,4,4,4,4,4,4,4,4,4,4,4,3,2,3,4,5,Detractor
827,49319,2,2,2,4,4,2,3,4,3,3,3,3,3,3,3,3,3,3,3,3,3,3,3,3,3,4,4,4,3,3,3,4,3,3,3,5,4,Detractor
842,14774,3,2,2,3,3,3,3,3,1,1,2,2,1,1,2,2,1,1,1,1,1,2,2,1,3,1,1,2,1,2,3,2,1,3,3,2,4,Detractor
867,25327,3,3,2,3,3,4,4,3,3,3,2,3,3,2,3,3,3,3,3,2,3,3,3,3,3,4,4,3,3,3,3,3,2,2,2,1,6,Detractor
885,56601,3,3,3,4,3,3,3,3,3,3,2,3,1,2,2,1,2,2,2,2,2,3,2,3,3,3,4,3,3,3,3,3,3,3,3,4,5,Detractor
900,89359,4,4,4,4,4,4,4,4,4,4,4,4,4,4,3,4,4,4,4,4,4,4,4,4,4,4,4,4,4,4,4,4,4,4,4,3,5,Detractor
910,63816,3,2,2,4,4,4,4,4,4,4,4,4,4,4,4,4,4,4,4,3,3,2,3,2,4,3,3,3,3,4,4,4,1,3,3,6,2,Detractor
932,11996,4,4,4,4,4,4,4,3,3,3,3,3,3,3,3,3,3,3,3,3,3,3,4,4,4,4,4,4,4,4,4,4,3,3,3,1,5,Detractor
937,33935,3,3,3,4,4,4,4,3,3,3,3,3,3,3,3,3,3,3,3,3,3,3,3,3,4,4,4,4,4,4,4,4,3,3,3,4,5,Detractor
963,12425,3,3,1,3,3,3,3,3,3,3,3,3,3,3,3,3,3,3,3,3,3,4,4,4,4,4,4,4,4,4,4,4,3,3,3,2,6,Detractor
970,89824,4,3,3,4,4,4,4,4,4,4,3,3,3,3,3,3,3,4,4,4,3,4,4,4,4,4,4,4,4,4,4,4,3,4,3,2,6,Detractor
1002,17105,3,3,3,3,3,3,3,3,1,3,3,3,3,3,3,3,3,3,3,3,3,4,4,4,4,4,4,4,4,4,4,4,3,3,3,2,5,Detractor
1003,17107,3,2,2,4,4,4,4,3,3,3,3,3,2,2,1,1,2,2,2,2,1,2,2,2,2,2,3,3,3,3,3,3,2,3,3,2,1,Detractor
1014,12165,3,3,3,3,3,3,3,3,3,3,2,3,3,3,1,3,3,3,3,3,3,3,3,3,3,4,3,3,3,3,3,3,3,3,3,3,6,Detractor
1017,12161,2,3,1,3,2,3,3,3,2,3,2,2,3,1,2,1,2,3,3,3,3,3,3,3,3,4,4,4,4,4,4,4,3,3,3,2,1,Detractor
1026,95627,3,3,2,3,3,3,3,4,4,4,2,3,2,3,2,3,3,3,3,2,3,3,3,3,3,3,3,3,3,3,3,3,3,3,3,1,5,Detractor
1043,37002,3,4,3,4,4,4,4,3,2,3,3,3,3,3,2,2,3,3,3,3,2,4,4,4,3,4,4,4,4,3,3,4,3,2,2,2,5,Detractor
1052,85748,4,4,4,4,4,4,4,3,3,4,3,3,3,3,3,3,3,3,3,3,3,3,3,3,3,3,3,3,3,3,3,3,3,3,3,0,5,Detractor
1056,50341,3,3,3,4,4,4,3,3,3,3,3,3,3,3,2,2,2,2,1,2,1,4,4,3,3,3,4,3,3,3,3,3,2,3,3,3,5,Detractor
1057,66258,2,2,2,2,2,2,2,1,1,2,2,1,1,1,1,1,1,2,1,1,1,2,2,2,2,3,2,2,2,1,1,1,1,1,1,4,3,Detractor
1068,5793,4,4,2,4,4,4,4,4,4,4,2,2,2,2,2,3,3,3,4,4,4,3,3,3,3,4,4,4,4,4,4,4,3,3,3,1,6,Detractor
1091,94955,3,3,3,4,4,4,4,4,3,4,4,4,3,4,3,3,3,3,3,2,3,2,2,1,2,4,4,4,3,4,3,3,3,3,3,3,6,Detractor
1097,74285,3,3,3,3,3,3,3,3,2,2,1,2,3,2,3,3,3,3,3,3,3,3,3,3,3,3,3,3,3,3,3,3,2,3,3,7,5,Detractor
1103,32352,2,2,2,3,3,3,2,3,3,2,3,3,3,3,3,2,3,3,2,3,3,2,3,3,3,2,2,3,3,3,2,2,3,3,3,1,5,Detractor
1111,10934,2,3,3,3,4,4,3,2,2,3,4,3,3,3,3,3,3,2,3,4,3,4,3,4,4,3,4,4,4,3,3,3,2,3,2,2,6,Detractor
1125,79863,4,3,3,3,2,3,2,3,1,2,4,2,3,2,2,2,3,3,3,2,3,3,3,2,3,3,3,3,3,3,3,2,1,1,1,6,6,Detractor
1129,64883,2,1,4,4,4,4,4,4,4,2,3,3,3,3,3,3,3,3,3,3,3,4,4,3,4,4,4,4,4,4,4,4,3,3,3,2,6,Detractor
1134,96906,3,3,3,3,3,3,3,3,3,4,2,3,3,3,2,3,3,3,3,3,3,3,3,2,3,4,3,3,3,3,3,3,3,3,3,4,5,Detractor
1156,90692,3,3,3,3,3,3,3,4,3,3,3,3,3,3,3,3,3,3,3,3,3,4,4,4,4,4,4,4,3,4,3,4,3,4,3,3,5,Detractor
1158,40281,3,3,3,4,4,4,4,3,3,3,4,3,3,4,3,3,3,3,3,3,3,4,4,3,4,4,4,4,4,4,4,4,3,3,3,3,6,Detractor
1161,79671,4,4,4,4,4,4,4,3,3,3,3,3,3,3,3,3,3,3,3,3,4,3,3,3,3,3,3,3,3,3,3,3,3,3,3,6,4,Detractor
1176,8376,3,2,2,3,3,3,3,4,3,3,1,1,1,1,2,3,1,2,2,1,2,2,2,2,2,3,3,2,1,3,1,3,2,3,3,1,2,Detractor
1177,8377,4,3,3,4,4,4,4,4,4,4,4,4,4,4,3,4,4,4,4,4,3,4,4,4,4,4,4,4,4,4,4,4,3,4,3,5,6,Detractor
1186,28953,3,3,3,4,4,4,4,3,3,3,4,4,3,3,3,3,3,3,4,3,3,4,4,3,4,4,4,4,4,4,4,4,3,3,3,3,6,Detractor
1205,81399,3,3,2,4,4,4,4,3,3,4,3,3,3,3,3,3,3,3,3,3,3,4,3,3,4,4,4,4,4,4,3,4,3,3,3,3,6,Detractor
1218,12142,3,3,3,3,3,3,3,2,2,1,1,3,2,1,2,2,1,3,3,3,2,3,3,3,3,3,3,3,3,3,3,3,3,3,3,7,5,Detractor
1229,18870,4,3,3,4,4,4,4,4,3,4,4,4,4,4,3,3,3,3,4,4,3,4,4,4,4,4,4,4,4,4,4,3,3,3,3,6,5,Detractor
1231,63130,3,2,2,3,4,4,3,3,3,3,3,3,3,3,3,3,3,3,3,3,3,4,4,4,4,4,4,4,4,4,4,4,3,3,3,2,6,Detractor
1234,86548,4,3,4,4,4,4,4,3,3,4,4,3,4,3,3,3,3,4,4,4,3,4,4,4,4,4,4,4,4,4,4,4,3,3,3,1,1,Detractor
1251,5882,2,3,2,3,3,3,3,3,2,2,3,2,3,2,3,3,2,3,3,3,3,3,2,3,3,3,3,2,2,3,3,3,2,3,2,7,6,Detractor
1252,5880,1,3,1,3,4,2,3,4,2,3,3,3,3,3,1,1,2,3,3,2,1,3,3,3,3,4,3,3,3,3,3,3,3,3,3,3,0,Detractor
1259,6553,4,3,3,4,4,4,4,3,3,3,3,3,3,3,3,3,3,3,3,3,3,4,4,2,3,3,3,3,3,3,3,3,3,3,3,1,6,Detractor
1261,48977,3,2,3,4,4,4,4,3,2,3,3,3,3,3,1,2,1,3,3,3,1,4,4,4,4,4,4,4,4,4,4,3,3,2,3,4,6,Detractor
1266,22320,2,2,2,3,4,4,3,3,3,3,3,3,3,3,3,3,3,3,3,3,3,3,3,3,3,3,4,3,3,3,3,3,3,3,3,2,3,Detractor
1269,25677,3,3,3,4,4,4,4,3,3,4,4,4,4,4,3,3,3,3,3,3,3,4,4,3,4,4,4,4,4,4,4,4,3,3,3,3,6,Detractor
1283,61180,2,3,3,4,4,4,4,3,3,4,4,4,4,4,3,3,3,3,3,4,3,3,3,3,3,3,3,3,4,3,3,3,3,3,3,6,5,Detractor
1288,22580,4,3,3,4,4,4,4,3,3,4,4,3,4,4,3,3,3,4,4,4,3,4,4,4,4,4,4,4,4,4,4,4,3,4,3,2,6,Detractor
1298,49208,2,3,2,3,3,3,3,3,3,3,3,3,3,3,3,3,3,3,3,3,3,3,2,2,3,4,4,3,3,3,3,3,2,2,2,3,6,Detractor
1323,91124,3,3,2,4,4,4,4,3,3,3,3,3,3,3,2,2,3,3,3,3,2,3,3,3,3,4,4,3,3,3,3,4,2,2,2,5,5,Detractor
1332,12970,3,3,3,3,3,3,3,3,3,3,3,3,3,3,2,2,2,2,3,3,3,4,4,4,4,4,4,4,4,4,4,4,3,3,3,1,6,Detractor
1338,6494,2,1,2,3,3,4,3,3,3,3,1,1,2,1,3,2,2,1,2,2,3,4,4,4,4,1,1,2,1,2,2,3,3,3,3,2,1,Detractor
1359,21631,3,4,3,4,4,4,4,3,3,4,4,4,4,4,3,3,3,4,4,4,3,4,4,4,4,4,4,4,4,4,4,4,3,3,3,3,5,Detractor
1370,52265,4,3,2,3,3,4,3,1,3,3,3,2,3,3,2,3,3,3,3,3,3,4,4,4,4,3,3,3,3,3,3,3,3,3,3,3,5,Detractor
1386,85186,4,4,4,3,3,3,3,3,3,3,3,3,3,3,3,3,3,3,3,3,3,4,4,4,4,4,4,4,4,3,3,3,3,3,3,3,5,Detractor
1387,12129,1,4,4,4,4,4,4,4,4,4,4,4,4,4,4,4,4,4,4,4,4,4,4,4,4,4,4,4,4,4,4,4,4,4,4,6,1,Detractor
1389,12126,4,3,3,4,4,4,4,4,4,4,3,3,3,3,3,3,3,3,3,3,3,3,3,3,3,4,4,4,3,3,3,3,2,2,2,0,5,Detractor
1393,53358,3,2,2,4,4,4,3,3,3,3,3,3,3,3,3,3,3,3,3,3,3,4,4,3,3,4,4,4,4,4,3,4,3,3,3,2,6,Detractor
1394,40988,4,4,1,4,4,4,4,4,3,4,3,3,3,3,3,3,3,4,3,4,3,4,4,4,4,3,3,3,3,4,4,4,3,3,3,3,4,Detractor
1404,48235,2,3,2,4,4,4,4,3,3,3,3,3,3,3,3,3,3,3,3,3,3,4,4,4,3,2,2,2,3,3,3,3,3,3,3,15,6,Detractor
1415,14243,3,2,2,3,3,3,3,2,2,3,3,3,3,2,2,2,3,2,2,2,2,2,2,1,1,3,2,2,2,2,1,3,2,3,2,2,6,Detractor
1424,31690,3,3,2,3,3,3,3,3,3,3,3,3,3,3,3,3,3,3,3,3,3,4,4,3,3,3,4,3,3,3,3,3,2,1,2,2,5,Detractor
1450,6227,3,3,3,4,4,4,4,2,3,3,3,3,3,3,3,3,3,3,4,3,3,3,3,3,3,3,3,3,3,3,3,3,3,3,3,2,6,Detractor
1451,23471,3,3,2,4,4,4,4,3,3,3,3,3,3,3,3,3,3,3,3,3,3,4,4,3,3,4,4,4,4,4,4,4,3,3,3,3,2,Detractor
1467,55249,3,3,3,4,4,4,4,3,3,3,1,2,3,1,3,3,3,3,3,3,3,3,3,3,3,3,3,3,3,3,3,3,3,3,3,1,3,Detractor
1471,10973,3,3,2,4,4,4,4,4,4,4,1,3,2,1,3,3,2,3,3,3,3,4,4,4,4,4,4,4,4,4,4,4,3,3,3,3,6,Detractor
1472,10977,4,3,2,3,3,4,3,3,2,2,3,3,2,3,3,3,3,3,3,3,2,3,3,2,3,3,3,3,2,3,3,3,2,3,2,1,5,Detractor
1476,25610,3,3,2,4,4,4,4,1,3,1,4,4,3,4,3,3,3,4,3,4,3,4,4,4,4,4,4,4,4,4,4,4,3,3,3,5,6,Detractor
1504,9408,3,2,2,4,3,4,3,3,3,3,3,3,3,3,2,3,3,3,3,3,3,4,4,3,3,3,4,3,3,3,3,3,3,3,3,3,0,Detractor
1509,95527,4,3,3,4,4,4,4,3,3,2,3,2,3,2,3,3,2,2,2,2,1,4,4,4,4,3,3,2,2,3,3,1,3,3,3,5,2,Detractor
1510,17754,4,2,1,4,4,4,4,3,2,1,2,2,2,2,1,2,1,3,4,2,1,2,2,2,2,4,4,3,2,4,2,1,2,2,1,3,6,Detractor
1516,6387,3,2,2,3,4,4,3,3,3,3,1,2,3,3,2,3,2,3,3,3,2,3,4,4,4,4,4,4,4,3,3,4,3,2,2,6,6,Detractor
1525,85192,3,3,1,4,4,4,4,4,3,3,4,4,4,4,1,4,4,4,4,3,4,3,3,1,4,3,4,3,3,4,3,4,2,3,3,4,5,Detractor
1538,8622,3,2,3,4,4,4,4,3,3,4,3,3,3,3,3,3,3,3,3,3,3,3,3,3,4,4,4,4,4,4,4,4,3,3,3,1,6,Detractor
1544,88824,2,2,3,4,4,3,3,3,3,3,4,2,2,3,1,2,3,4,3,3,1,3,3,2,3,4,4,3,4,3,2,4,3,3,3,2,6,Detractor
1566,25135,4,3,2,4,4,4,4,3,3,3,2,2,2,1,2,4,4,4,3,4,2,4,4,4,4,4,4,4,4,4,4,4,1,4,1,6,6,Detractor
1586,54977,4,1,2,4,4,4,4,3,3,3,3,3,3,3,2,3,3,3,3,3,2,4,4,4,4,4,4,4,4,4,3,4,3,3,3,3,5,Detractor
1591,44131,4,4,4,4,4,4,4,4,4,4,2,3,3,2,2,2,3,3,4,3,2,3,3,3,3,3,3,2,3,3,3,3,3,3,3,2,2,Detractor
1593,37689,4,3,3,4,4,4,4,3,3,3,3,4,4,4,3,3,4,4,4,4,4,4,4,4,4,4,4,4,4,4,4,4,3,3,3,4,6,Detractor
1596,45082,1,1,2,3,3,4,3,3,3,3,3,3,3,3,3,3,3,3,3,3,2,3,3,3,3,3,4,3,3,3,3,3,3,3,3,5,1,Detractor
1602,14266,3,3,3,4,4,4,4,3,3,3,3,3,3,3,3,3,3,3,3,3,3,4,4,4,4,4,4,4,4,4,4,4,3,3,3,6,5,Detractor
1622,87756,3,4,1,4,4,4,4,3,3,4,3,3,3,3,3,3,3,4,4,3,3,3,3,3,3,4,4,4,4,3,3,3,3,3,3,5,6,Detractor
1624,51450,3,2,2,3,1,1,1,1,2,1,3,3,3,3,1,3,3,3,3,3,1,3,3,3,3,3,3,3,3,3,3,3,3,3,3,2,4,Detractor
1644,10997,1,3,3,4,4,4,4,3,3,3,3,3,3,3,3,3,3,3,3,3,3,3,4,3,3,3,3,3,3,3,3,3,1,2,1,1,6,Detractor
1692,53410,3,2,2,4,4,4,4,4,4,4,4,4,4,4,3,4,4,4,4,4,4,4,3,2,3,2,4,3,4,4,4,4,2,4,3,2,6,Detractor
1694,18391,2,2,3,3,3,4,3,3,3,3,3,3,3,3,3,3,3,3,3,3,3,3,3,3,3,4,4,3,3,3,3,3,3,3,3,2,0,Detractor
1710,67407,3,3,2,4,4,4,4,3,3,4,3,2,3,3,3,3,3,3,3,3,3,4,4,3,4,4,4,4,4,4,4,4,3,3,3,3,6,Detractor
1712,67955,2,2,3,4,4,4,4,4,4,4,4,4,4,4,4,4,4,4,4,4,4,4,4,4,4,4,4,4,4,4,4,4,4,4,4,2,4,Detractor
1714,77348,3,1,1,4,4,4,3,3,3,3,3,3,3,3,2,3,3,3,3,3,2,3,4,3,3,3,4,3,3,3,3,3,3,3,3,2,3,Detractor
1721,77127,2,3,3,4,4,4,4,3,3,4,4,4,4,4,3,3,3,4,4,4,3,4,4,3,4,4,4,4,4,4,4,4,3,3,3,3,6,Detractor
1748,10834,3,3,2,3,3,3,3,3,3,3,2,2,2,2,2,3,3,3,3,3,3,3,3,3,3,3,3,3,3,3,3,3,3,3,3,9,6,Detractor
1758,97243,3,2,1,4,3,4,3,3,3,3,1,2,3,1,2,3,3,3,1,3,2,3,3,3,3,3,4,3,3,3,2,3,2,3,2,1,2,Detractor
1759,26265,3,3,3,4,4,4,4,3,3,4,4,4,4,4,3,3,3,3,4,3,3,4,4,3,4,4,4,4,4,4,4,4,3,3,3,2,6,Detractor
1773,14065,3,3,3,3,3,3,3,3,3,3,3,3,3,3,3,3,3,4,3,3,3,4,4,4,4,4,4,4,4,4,4,4,2,3,3,6,6,Detractor
1775,14060,4,2,2,4,4,4,4,4,4,4,4,4,4,4,4,4,4,4,4,4,4,1,1,1,4,4,4,4,4,4,4,4,3,4,4,3,5,Detractor
1802,77800,3,3,2,4,4,3,4,3,2,3,3,3,3,3,3,4,4,3,1,3,3,4,3,4,4,4,4,3,3,3,3,3,2,3,2,1,5,Detractor
1808,7562,4,3,4,4,4,4,4,3,3,3,3,3,3,3,1,3,3,3,3,3,2,4,4,4,4,4,4,4,4,4,4,4,3,3,3,1,6,Detractor
1811,88184,4,3,4,4,4,4,4,4,3,4,3,3,3,3,3,3,3,4,4,3,3,4,4,4,4,4,4,4,4,4,4,4,3,3,3,7,6,Detractor
1812,88182,2,2,3,3,4,4,3,2,3,3,3,3,3,4,3,3,3,4,3,4,3,3,3,3,3,3,4,3,3,3,3,3,3,3,3,9,6,Detractor
1818,88671,3,2,3,4,4,4,4,4,3,4,4,4,4,3,3,3,1,2,3,3,2,4,4,4,4,4,4,4,4,4,4,4,4,4,4,1,3,Detractor
1824,20410,4,3,3,4,4,4,4,3,4,3,4,3,4,3,3,3,3,3,4,4,3,4,4,4,4,4,4,4,4,2,2,2,3,3,3,3,5,Detractor
1825,38974,4,3,2,4,4,4,3,3,3,3,2,3,2,1,1,2,2,3,2,2,1,3,4,3,3,4,4,3,3,3,3,3,2,3,3,3,4,Detractor
1832,88792,3,2,3,3,3,4,3,3,3,3,2,3,2,3,2,2,2,2,2,2,2,3,4,3,3,3,3,3,3,3,3,3,3,3,3,7,5,Detractor
1840,17791,3,3,3,3,3,4,3,3,3,3,3,3,3,3,3,3,3,3,3,3,3,4,4,4,4,4,4,4,4,4,4,4,3,3,3,3,6,Detractor
1844,83884,3,2,3,4,4,4,4,3,3,3,3,3,3,3,3,3,3,3,3,3,3,3,3,3,4,4,4,4,4,4,3,4,3,3,3,3,5,Detractor
1847,46237,4,4,3,4,4,4,4,4,4,4,3,3,3,4,2,3,3,3,3,3,3,3,3,3,3,4,4,3,4,4,4,3,3,4,4,5,6,Detractor
1856,12313,2,2,2,4,4,4,4,3,3,4,3,3,3,3,3,3,3,3,3,3,3,3,3,3,3,3,2,3,3,3,3,3,3,3,3,1,6,Detractor
1870,44836,3,4,2,4,4,4,4,3,3,4,3,3,3,3,3,3,3,3,3,3,3,4,4,3,4,4,4,4,4,4,3,4,3,3,3,3,4,Detractor
1876,47803,3,1,1,4,4,4,4,3,3,4,1,1,3,2,2,1,1,3,1,3,1,4,4,4,4,4,4,4,4,4,4,4,2,1,1,2,2,Detractor
1903,11499,3,3,3,4,4,4,4,3,3,3,3,3,3,3,3,3,3,3,3,3,3,3,3,3,4,4,4,4,4,4,3,4,3,3,3,1,4,Detractor
1905,23350,4,3,3,4,4,4,4,3,3,4,4,4,4,4,3,4,4,4,4,4,3,4,4,4,4,4,4,4,4,4,4,4,3,4,3,2,6,Detractor
1913,19790,2,1,3,3,4,4,4,2,2,3,1,2,4,2,2,1,3,3,4,4,3,4,4,4,4,3,4,4,4,3,1,1,3,3,3,1,0,Detractor
1921,7802,3,2,2,4,4,3,3,3,3,3,3,3,3,3,3,3,3,3,3,3,3,4,4,3,3,4,4,3,3,3,3,3,3,3,3,3,5,Detractor
1933,26245,2,2,2,3,3,3,3,3,3,3,3,3,3,3,3,3,3,3,3,3,3,3,4,3,3,3,3,3,3,3,3,3,3,3,3,3,2,Detractor
1940,80997,4,3,2,4,4,4,4,3,3,3,4,3,4,3,3,3,3,4,4,4,3,4,4,4,4,4,4,4,4,4,4,4,3,3,3,3,6,Detractor
1950,28138,1,1,1,2,1,1,1,3,3,3,3,3,3,3,2,3,3,3,3,3,2,3,3,3,3,3,3,3,3,3,3,3,3,3,3,1,3,Detractor
1968,85815,2,1,3,4,3,4,3,3,3,3,3,3,3,3,3,3,3,3,3,3,3,4,4,4,3,3,4,3,3,3,3,4,3,3,3,2,4,Detractor
1984,8277,3,2,3,4,4,4,3,3,3,3,3,3,3,3,3,3,3,3,3,3,3,3,3,3,3,3,4,3,3,3,3,3,1,2,2,5,6,Detractor
1988,72301,4,3,2,4,4,4,3,3,3,3,2,2,3,2,1,2,1,3,3,3,1,4,4,4,4,3,3,3,3,3,3,3,2,2,2,4,6,Detractor
1992,8411,4,4,4,4,4,4,4,4,4,4,3,3,3,3,2,2,2,3,4,4,4,4,4,4,4,4,4,4,4,4,4,4,4,4,4,5,5,Detractor
2015,89309,2,2,2,3,4,4,3,3,3,3,3,3,3,3,3,3,3,3,3,3,3,3,4,3,3,4,4,3,3,3,3,3,3,3,3,3,3,Detractor
2019,19655,3,3,3,4,4,4,4,3,3,3,3,3,3,3,3,3,3,3,3,3,3,3,3,3,3,3,3,3,3,3,3,3,1,2,1,8,4,Detractor
2023,56756,3,3,3,4,4,4,4,3,3,4,4,4,4,4,3,3,3,3,4,3,3,4,4,3,4,4,4,4,4,4,4,4,3,3,3,2,6,Detractor
2027,75686,3,4,3,3,3,3,3,3,3,3,3,3,3,3,3,3,3,3,3,3,3,3,3,3,4,4,4,4,4,3,3,3,3,3,3,4,5,Detractor
2043,10027,3,2,2,3,3,2,3,3,2,2,2,1,2,2,2,3,2,2,2,2,2,2,2,2,2,2,2,2,2,2,2,2,2,2,2,4,5,Detractor
2054,84716,4,2,3,4,3,3,3,3,3,3,3,3,3,3,3,3,3,3,3,3,3,3,3,3,3,3,3,3,3,3,3,2,3,3,3,3,5,Detractor
2061,5354,3,3,3,4,4,4,4,4,3,3,3,3,3,3,3,3,3,3,3,3,3,4,4,3,4,4,4,4,4,4,4,4,3,3,3,5,5,Detractor
2062,97357,2,2,1,3,3,3,3,3,3,3,3,3,3,3,2,3,3,3,3,3,3,3,3,3,3,3,4,3,3,3,3,3,3,3,3,2,0,Detractor
2097,96486,4,2,1,3,3,4,3,4,2,3,2,3,3,3,2,1,3,1,1,2,3,3,3,3,3,1,2,3,2,1,2,3,1,1,2,4,1,Detractor
2105,19519,4,3,4,4,4,4,4,4,3,3,4,4,4,3,2,3,4,3,3,4,4,4,4,4,4,4,3,3,4,3,4,4,4,4,4,6,6,Detractor
2112,69660,2,4,4,3,3,3,3,3,3,3,3,3,3,3,3,3,3,3,3,3,3,3,3,3,3,3,3,3,3,3,4,3,3,3,3,8,4,Detractor
2122,4949,4,3,4,4,4,4,4,3,3,3,3,3,3,3,3,3,3,3,4,4,3,4,4,4,4,4,4,4,4,4,4,4,3,3,3,4,6,Detractor
2128,52625,3,3,2,3,3,3,3,3,3,3,2,1,3,2,1,2,2,3,2,3,1,2,3,2,3,1,3,2,3,2,3,2,3,3,3,6,5,Detractor
2130,52629,3,2,2,3,3,2,2,3,3,3,2,1,1,2,3,3,3,3,3,3,3,3,3,3,2,1,3,2,3,3,1,3,2,2,2,6,6,Detractor
2165,37119,4,3,2,4,4,4,4,3,3,3,4,3,4,3,3,3,3,4,4,4,3,4,4,4,4,4,4,4,4,4,4,4,3,3,3,3,6,Detractor
2166,79448,3,3,4,3,3,2,3,2,3,2,2,2,1,2,2,3,3,3,2,1,2,1,1,1,2,1,2,2,2,2,2,3,3,3,3,2,5,Detractor
2177,61129,3,3,3,4,4,4,4,3,3,3,4,3,3,3,3,3,3,3,3,3,3,3,3,3,4,4,4,4,4,4,4,4,3,3,3,3,5,Detractor
2180,5689,3,3,3,4,4,4,4,3,3,3,3,2,3,2,3,3,4,3,3,3,4,4,4,4,4,3,3,3,3,3,3,3,3,3,3,5,4,Detractor
2182,72261,3,3,3,4,4,4,4,3,3,3,4,4,3,3,3,3,3,3,4,3,3,4,4,3,4,4,4,4,4,4,4,4,3,3,3,2,6,Detractor
2199,56773,3,3,3,4,4,4,4,4,3,3,3,1,2,3,3,4,1,3,2,2,3,2,2,1,3,3,4,4,4,3,2,4,3,3,3,3,6,Detractor
2204,82257,3,3,3,4,4,4,4,3,2,3,3,3,3,3,3,3,3,3,3,4,3,4,4,4,4,4,4,4,4,4,4,4,3,3,2,2,6,Detractor
2208,45146,2,2,2,3,4,4,3,3,3,3,3,3,3,3,3,3,3,3,3,3,3,3,3,3,3,4,4,3,3,3,3,3,3,3,3,2,3,Detractor
2211,36093,4,4,4,4,4,3,4,3,3,3,4,4,2,3,3,4,4,4,4,4,4,4,3,3,3,4,4,4,4,4,4,4,3,4,4,2,2,Detractor
2212,74358,3,3,3,4,4,4,4,4,3,4,3,3,3,3,3,3,3,3,3,3,3,4,3,3,4,4,4,4,4,4,4,4,3,3,3,3,5,Detractor
2218,9593,4,4,3,4,4,4,4,4,4,4,4,4,4,4,2,3,3,4,3,4,2,4,4,4,4,4,4,4,4,4,4,4,3,4,4,1,6,Detractor
2232,40713,3,3,3,3,3,3,3,3,3,3,3,3,3,3,3,3,3,3,3,3,3,4,4,4,4,4,4,4,4,4,3,4,3,4,3,5,6,Detractor
2236,68236,2,2,1,1,3,2,1,3,3,3,2,2,3,2,3,3,3,3,3,1,2,1,1,1,2,3,3,2,2,3,1,2,2,2,2,4,1,Detractor
2247,67601,4,4,3,4,4,4,4,4,3,4,4,4,4,4,3,3,4,4,4,4,3,4,4,4,4,4,4,4,4,4,4,4,3,4,4,4,5,Detractor
2264,15325,3,3,2,4,4,4,4,4,2,3,4,4,3,3,3,4,3,3,3,3,2,4,4,4,4,4,3,3,4,4,4,3,4,4,4,0,6,Detractor
2265,32391,3,3,3,3,3,3,2,3,3,3,2,2,2,2,2,2,2,2,2,2,2,3,3,3,3,2,2,3,2,3,2,3,1,1,1,6,6,Detractor
2268,9306,4,4,4,4,4,4,4,2,3,3,3,3,3,3,3,3,3,3,3,3,3,4,4,4,4,3,3,3,3,3,3,3,4,4,4,10,5,Detractor
2355,63644,3,3,2,2,2,3,1,1,1,1,2,3,2,3,3,1,2,1,1,2,2,2,2,2,1,2,2,3,3,3,3,3,2,3,3,4,4,Detractor
2364,79466,2,2,2,4,4,3,3,3,3,3,3,3,3,2,1,2,3,3,1,2,1,3,3,2,3,4,4,3,3,3,3,2,1,1,1,4,4,Detractor
2366,91240,4,4,4,4,4,4,4,3,3,3,3,3,3,3,3,3,3,4,3,3,3,4,3,3,3,4,4,4,4,4,3,3,2,2,2,4,3,Detractor
2368,91249,3,3,3,2,3,2,3,2,1,2,3,3,4,3,3,3,3,4,3,3,3,2,2,2,3,4,4,4,4,4,4,3,3,3,3,3,5,Detractor
2381,25011,2,2,2,4,4,4,3,3,3,3,3,4,1,3,1,3,1,3,3,3,1,1,2,2,4,1,3,3,3,3,3,4,2,1,1,2,6,Detractor
2385,82275,3,3,3,4,4,4,4,4,4,4,4,4,4,4,3,4,4,4,4,4,3,4,4,4,4,4,4,4,4,4,4,4,4,4,4,60,6,Detractor
2413,21577,3,3,3,3,4,4,4,3,3,3,3,3,3,3,3,3,3,3,3,3,3,4,4,4,4,4,4,4,4,4,4,4,3,3,3,2,6,Detractor
2418,20995,3,3,3,4,4,4,4,3,3,4,3,2,3,3,2,3,3,3,4,4,3,4,4,4,4,4,4,3,3,4,3,4,3,3,3,1,2,Detractor
2446,15253,2,2,2,4,4,4,3,3,1,3,3,3,3,3,3,3,3,3,3,3,3,2,2,3,1,3,3,3,3,3,3,3,1,1,1,2,2,Detractor
2447,15257,3,3,3,4,4,4,4,3,3,3,3,3,3,3,3,3,3,3,3,3,3,3,3,3,3,4,4,4,4,4,3,4,3,3,3,2,5,Detractor
2451,92216,2,1,1,3,3,3,3,3,3,3,3,4,1,2,3,4,3,4,2,2,1,3,3,3,3,4,4,4,4,4,4,4,1,2,1,1,5,Detractor
2462,19553,3,3,3,3,3,3,3,3,3,3,2,2,2,2,2,2,3,2,3,3,3,3,4,3,3,3,3,3,3,3,3,3,2,3,3,2,4,Detractor
2469,43411,3,3,3,3,3,2,2,3,3,3,3,1,3,3,3,3,3,3,3,3,3,3,3,3,3,4,4,4,4,3,3,3,3,3,3,5,6,Detractor
2471,97795,3,3,2,4,3,4,3,2,2,2,3,3,3,3,3,3,3,3,3,3,2,3,3,3,3,4,3,3,3,3,3,3,2,3,2,3,5,Detractor
2472,14253,4,4,4,4,4,4,4,3,3,3,3,3,3,3,1,3,2,2,3,3,3,3,3,3,3,3,3,3,3,3,3,3,3,3,3,4,5,Detractor
2474,14252,4,4,4,4,4,4,4,4,4,4,4,4,4,4,4,4,4,4,4,4,4,4,4,4,4,4,4,4,4,4,4,4,4,4,4,5,6,Detractor
2483,13565,2,3,2,3,3,4,3,2,3,3,3,3,3,3,3,3,3,3,3,3,3,3,3,3,3,1,2,2,2,2,2,2,3,3,3,0,5,Detractor
2486,11709,3,3,2,4,4,4,4,4,3,4,4,3,3,3,2,3,3,3,3,3,3,2,3,3,2,3,4,3,4,3,3,3,3,3,3,9,6,Detractor
2504,54446,3,3,2,3,3,3,3,2,3,3,2,3,2,1,2,2,3,3,3,3,3,3,4,4,3,3,4,3,3,3,3,3,1,2,1,6,6,Detractor
2515,6495,3,1,1,3,3,3,3,3,3,3,3,3,3,3,2,3,3,3,3,3,2,3,3,3,3,3,4,3,3,3,3,3,2,3,2,5,1,Detractor
2522,37155,3,3,2,4,4,4,4,1,2,2,1,1,2,2,1,2,3,3,3,3,1,4,4,4,4,4,4,4,4,4,4,3,3,3,3,5,5,Detractor
2539,79482,3,3,2,3,3,3,3,2,2,2,3,1,2,2,3,2,3,3,2,3,3,4,4,3,3,3,3,3,3,3,3,3,1,2,1,4,5,Detractor
2540,35224,2,3,3,3,3,3,3,3,3,3,3,3,3,3,3,3,3,3,3,3,3,3,3,3,3,3,3,3,3,3,3,3,2,3,3,2,5,Detractor
2548,76856,3,3,3,4,4,4,4,4,4,4,3,4,3,3,3,2,3,3,3,3,3,4,4,4,4,3,4,3,4,4,3,4,4,4,4,3,6,Detractor
2550,57289,3,3,2,4,4,4,4,4,3,4,3,3,3,3,3,3,3,3,3,3,3,4,4,4,4,4,4,4,4,4,3,4,3,3,3,7,4,Detractor
2570,85623,3,2,1,2,1,1,1,1,1,1,3,3,3,3,3,2,1,3,3,1,1,1,1,1,2,4,4,4,3,3,2,3,3,3,3,3,2,Detractor
2580,37818,3,3,4,4,4,4,4,4,3,4,4,4,4,3,3,3,3,4,4,4,3,4,4,4,4,4,4,4,4,4,4,4,3,3,3,7,5,Detractor
2583,62071,3,3,3,4,4,4,4,3,3,3,3,3,3,3,3,3,2,3,3,3,3,3,4,4,3,3,3,3,3,3,3,3,3,3,3,2,6,Detractor
2587,86936,3,2,2,4,3,2,2,4,3,3,2,3,2,2,2,3,3,2,2,2,2,2,3,2,2,3,4,3,2,1,2,2,1,2,2,11,5,Detractor
2594,15078,4,3,3,4,3,4,3,2,1,2,2,3,2,2,2,1,2,2,3,3,2,4,4,3,3,4,4,4,3,3,3,3,1,1,1,1,5,Detractor
2595,96960,3,3,3,3,3,4,3,2,2,2,2,2,2,3,3,3,3,3,3,3,3,3,4,3,3,4,4,3,3,4,3,3,2,2,2,2,6,Detractor
2604,87562,4,4,3,4,4,4,4,4,4,4,3,3,4,4,4,4,4,4,4,4,4,4,4,4,4,4,4,4,4,4,4,4,4,4,4,3,6,Detractor
2624,4737,3,3,3,2,3,3,3,4,4,4,3,3,3,3,3,3,2,2,4,4,4,3,3,3,3,3,3,3,3,3,3,3,4,4,4,4,5,Detractor
2643,49163,3,3,3,4,4,4,4,1,3,4,4,3,4,4,3,3,3,3,4,4,3,4,4,4,4,4,4,4,4,4,4,4,3,3,3,2,6,Detractor
2646,46311,4,3,3,1,2,3,2,2,1,2,2,3,3,3,2,2,2,3,2,2,2,3,3,3,3,3,2,2,3,2,2,2,2,2,2,2,5,Detractor
2651,70180,3,2,2,3,3,4,3,3,3,3,3,3,3,3,2,3,3,3,3,3,3,3,4,3,3,4,4,3,3,3,3,3,3,3,3,1,1,Detractor
2671,59921,3,4,3,4,4,4,4,3,3,4,4,3,3,3,3,3,4,4,3,4,3,4,4,4,4,4,4,4,4,4,4,4,3,3,3,3,3,Detractor
2682,83121,3,3,2,4,4,4,3,3,3,3,3,2,3,3,2,3,3,3,3,3,3,4,4,4,4,4,4,4,4,4,4,3,3,3,3,3,6,Detractor
2684,24520,4,3,3,3,4,4,4,3,3,3,3,3,2,3,3,3,3,3,3,3,2,4,4,4,4,4,4,4,4,4,4,4,3,3,3,5,6,Detractor
2685,24528,2,2,2,2,3,3,2,3,2,3,4,3,3,3,3,4,3,3,3,2,2,3,3,2,3,2,3,2,2,3,3,3,3,3,3,3,4,Detractor
2686,11163,4,3,3,4,4,4,4,4,4,4,4,4,4,4,4,4,4,4,4,4,4,4,4,4,4,3,4,4,4,4,2,4,3,4,4,3,6,Detractor
2692,5624,4,3,3,3,4,4,3,3,3,3,3,3,3,2,2,3,3,3,3,3,2,4,4,4,4,4,4,4,4,4,4,4,3,3,3,3,1,Detractor
2714,12004,4,4,4,4,3,3,4,3,4,4,3,2,4,3,1,2,3,2,3,3,1,3,4,4,3,4,3,3,3,3,3,3,3,3,3,1,5,Detractor
2721,42802,3,2,3,3,3,4,3,2,2,2,2,2,2,2,2,2,3,3,3,3,2,3,4,3,3,3,3,3,3,3,3,3,1,2,1,6,6,Detractor
2742,68188,4,3,2,4,4,4,4,1,1,1,3,3,3,3,4,3,3,3,4,4,4,4,4,4,4,3,3,3,3,3,4,3,3,3,3,2,6,Detractor
2772,82145,4,4,4,4,4,4,4,1,2,1,3,3,3,3,3,3,3,3,3,3,3,4,4,4,4,4,4,4,4,4,4,4,4,4,4,3,6,Detractor
2782,77036,2,3,2,4,4,4,4,3,3,4,3,3,3,3,3,3,3,3,3,3,3,4,4,3,4,4,4,4,4,4,3,4,3,3,3,2,6,Detractor
2788,19775,3,3,2,4,3,3,4,4,4,4,3,3,3,3,3,4,4,4,3,4,3,4,4,4,3,4,4,4,4,4,4,4,3,4,4,0,6,Detractor
2789,93129,4,3,3,4,4,4,4,3,3,4,4,3,4,4,3,3,3,4,4,4,3,4,4,4,4,4,4,4,4,4,4,3,3,3,3,3,5,Detractor
2804,93642,3,3,2,4,4,4,4,3,3,4,3,3,3,3,4,4,4,4,4,4,4,4,4,4,4,4,4,4,4,4,4,4,3,4,3,0,4,Detractor
2808,42322,4,3,3,3,3,3,3,3,3,3,3,3,3,3,3,3,3,3,3,3,3,4,4,4,3,3,3,3,3,3,3,3,4,4,4,3,5,Detractor
2842,40233,3,3,2,4,4,4,4,3,3,3,3,3,3,3,2,3,3,3,3,3,3,4,4,3,4,4,4,4,4,4,3,4,3,3,3,3,0,Detractor
2849,11109,4,4,3,3,4,4,4,4,3,4,4,4,4,3,3,3,2,4,4,4,4,4,4,4,4,4,4,4,4,4,4,4,3,4,3,4,6,Detractor
2850,11102,3,2,3,4,4,4,4,3,3,3,3,3,3,3,3,3,3,3,3,3,3,4,4,4,4,4,4,4,4,4,4,4,3,3,3,4,5,Detractor
2867,97223,2,2,2,3,3,4,3,3,3,3,3,3,3,3,2,3,3,3,3,3,3,3,3,3,3,3,3,3,3,3,3,3,3,3,3,3,0,Detractor
2868,88946,3,2,2,3,3,3,3,3,3,3,2,3,2,2,3,3,2,3,1,1,3,3,3,1,2,1,2,2,1,3,2,3,2,3,3,16,6,Detractor
2873,23709,3,3,3,4,4,4,4,3,3,4,3,3,3,3,3,3,3,3,3,3,3,4,4,4,4,4,4,4,4,4,4,4,3,3,3,2,5,Detractor
2889,39026,4,3,3,4,4,4,4,3,3,4,4,3,4,4,3,3,3,4,4,4,3,4,4,4,4,4,4,4,4,4,4,4,3,3,3,2,5,Detractor
2896,88051,3,3,3,3,3,3,3,3,3,3,2,3,3,3,3,3,3,3,3,3,3,3,3,3,3,3,3,3,3,3,3,3,3,3,3,5,6,Detractor
2903,87014,3,3,3,3,3,3,3,3,3,3,3,3,3,3,2,3,3,3,3,3,2,3,3,2,3,3,3,3,3,3,3,3,1,2,1,12,6,Detractor
2915,18777,3,3,3,4,4,4,4,3,3,3,3,3,3,3,3,3,3,3,3,3,3,3,3,3,3,3,3,3,3,3,3,3,3,3,4,3,6,Detractor
2922,29752,3,3,3,4,4,4,3,3,3,3,3,3,3,2,3,1,3,2,3,3,2,4,3,2,3,3,3,2,2,2,2,3,3,3,3,4,6,Detractor
2935,89957,4,3,3,4,4,4,4,3,4,4,4,4,4,4,1,3,3,4,4,4,2,3,3,3,3,3,4,4,3,4,4,3,3,4,4,6,6,Detractor
2938,8512,3,3,3,3,4,3,3,2,3,3,3,2,3,4,3,3,3,3,3,3,3,2,2,1,2,3,2,2,2,2,2,2,2,3,2,1,6,Detractor
2940,69862,4,3,3,3,3,3,3,3,3,4,4,3,4,3,3,3,3,4,4,4,3,4,4,4,4,4,4,4,4,4,4,4,3,3,3,3,6,Detractor
2954,66222,3,3,2,3,2,3,3,3,2,2,3,1,3,2,3,2,2,3,3,3,1,3,3,2,3,2,3,2,3,3,2,3,3,3,3,3,5,Detractor
2968,31957,2,2,2,3,3,3,3,2,2,2,3,3,3,3,2,3,3,3,3,3,3,3,3,3,3,3,3,3,3,3,3,3,3,3,3,2,6,Detractor
2971,55301,2,3,3,4,4,4,4,2,4,3,4,4,4,4,3,4,2,4,4,4,3,4,4,4,4,3,2,3,3,2,1,4,1,3,2,6,5,Detractor
2977,17342,3,3,2,3,4,3,3,3,2,3,3,3,2,3,2,2,3,2,2,2,3,2,3,1,2,2,2,2,3,3,3,3,1,3,3,9,6,Detractor
2982,55432,1,3,1,4,4,4,4,2,1,4,3,3,3,3,2,1,3,4,3,1,3,2,1,3,1,4,4,4,4,4,4,4,2,2,1,7,0,Detractor
2989,16698,2,2,2,2,1,3,1,2,1,1,1,2,2,2,1,2,2,1,1,2,1,3,3,3,2,1,1,2,2,1,2,2,2,2,2,1,3,Detractor
2997,54055,4,4,3,4,4,4,4,4,4,4,4,4,4,4,3,4,3,3,4,3,4,4,4,4,4,4,4,4,4,4,4,4,4,4,4,2,5,Detractor
3018,24566,2,3,4,4,2,4,4,4,4,4,1,4,4,3,4,4,4,3,3,2,2,4,4,4,4,2,2,4,3,4,4,4,4,4,4,5,6,Detractor
3019,94901,2,3,2,4,3,4,4,4,1,3,3,3,3,2,4,3,3,2,3,2,4,3,3,3,3,3,3,3,3,3,3,3,2,2,2,4,5,Detractor
3027,31012,3,2,2,4,4,4,4,3,3,3,3,3,3,3,3,3,3,3,3,3,3,4,4,3,3,4,4,3,3,4,3,3,1,1,1,5,5,Detractor
3045,74040,2,2,2,2,3,3,3,3,3,3,3,3,3,3,2,3,3,3,3,3,3,3,3,3,3,4,4,3,3,3,3,3,1,2,2,3,6,Detractor
3051,35245,4,3,3,4,3,3,3,2,2,2,3,1,2,3,3,1,2,2,3,3,3,3,3,3,3,2,2,2,2,3,3,3,3,3,3,3,5,Detractor
3086,86143,4,3,3,4,4,4,4,4,4,4,3,3,3,3,2,3,3,3,4,4,4,4,4,4,4,4,4,4,4,4,4,4,4,4,4,5,6,Detractor
3101,71789,2,3,3,2,3,4,3,2,2,3,1,1,3,1,2,3,3,3,2,3,3,4,4,4,4,2,4,3,3,3,3,3,2,3,2,3,5,Detractor
3113,22605,3,3,3,4,4,4,4,4,3,4,3,3,3,3,3,3,3,3,3,3,3,4,4,3,4,4,4,4,4,4,4,4,3,3,3,3,5,Detractor
3114,57381,2,3,2,4,4,4,4,3,3,3,3,3,3,3,3,3,3,3,3,3,3,4,4,3,4,4,4,4,4,4,3,4,3,3,3,6,5,Detractor
3116,28603,3,2,2,3,4,4,3,3,3,3,3,3,3,3,3,3,3,3,3,3,3,4,4,3,3,4,4,3,3,3,3,4,2,3,3,4,6,Detractor
3120,43363,4,4,2,4,4,4,4,3,3,3,4,4,4,4,3,4,4,4,4,4,3,4,4,4,4,3,3,4,4,3,3,4,4,4,4,2,4,Detractor
3132,90849,3,2,2,4,4,4,3,3,3,3,2,2,3,2,1,2,2,2,2,2,2,3,3,3,3,3,3,3,3,3,2,3,2,2,2,2,6,Detractor
3151,21184,3,2,1,3,4,4,3,3,3,3,3,3,3,3,3,3,3,3,3,3,3,4,4,3,4,4,4,3,3,4,3,4,3,3,3,1,5,Detractor
3156,9720,4,3,2,1,1,1,1,3,3,3,3,3,3,3,2,3,3,3,3,3,2,3,3,3,3,3,4,3,4,3,3,3,3,3,3,6,5,Detractor
3174,97334,2,2,2,3,3,3,3,3,3,3,3,3,3,3,3,3,3,3,3,3,3,3,3,3,3,3,4,3,3,3,3,3,3,3,3,4,1,Detractor
3185,83185,2,1,1,3,4,3,3,3,3,3,3,3,3,3,3,3,3,3,3,3,3,1,1,1,1,3,3,3,3,3,3,3,3,3,3,3,0,Detractor
3195,12414,2,4,3,4,4,4,4,4,3,4,4,4,4,3,3,4,4,4,3,3,3,4,4,4,4,4,4,4,4,4,4,4,3,3,3,5,5,Detractor
3196,12417,2,2,2,3,3,3,3,3,3,3,3,3,3,3,3,3,3,3,3,3,3,3,3,3,3,4,4,3,3,3,3,3,3,3,3,0,1,Detractor
3207,72545,3,1,1,4,2,4,3,3,1,4,1,1,1,1,1,3,3,2,2,3,3,3,4,4,4,2,3,2,4,4,2,3,2,3,2,5,4,Detractor
3210,73495,4,3,3,4,4,4,4,4,4,4,2,3,3,3,3,1,2,4,4,4,3,3,4,4,4,4,4,4,4,4,4,3,3,4,4,2,5,Detractor
3211,39065,4,4,4,3,3,3,3,2,1,3,3,3,3,2,3,4,3,4,4,4,2,3,3,3,3,4,4,4,4,4,3,3,2,1,2,2,4,Detractor
3226,97522,4,4,3,3,4,3,3,3,2,3,3,4,4,4,2,4,2,4,4,4,3,3,3,4,3,4,4,4,4,4,4,3,4,4,4,8,6,Detractor
3229,46547,3,3,2,4,4,4,4,4,2,4,3,2,3,2,1,1,3,3,3,3,2,4,4,3,4,3,3,3,3,3,3,3,1,2,2,2,5,Detractor
3230,97528,4,4,4,4,4,4,4,4,4,4,4,4,4,4,3,3,4,4,4,4,3,4,4,4,4,4,4,4,4,4,4,4,3,3,4,2,2,Detractor
3265,37672,4,3,2,3,3,3,3,3,3,3,3,3,3,3,3,3,3,3,3,3,3,4,4,4,4,4,4,4,4,4,4,4,3,3,3,1,6,Detractor
3284,73799,4,2,2,4,4,4,4,3,3,3,3,3,3,3,3,3,3,3,3,3,3,4,4,3,3,4,4,3,4,4,3,3,2,2,2,3,6,Detractor
3285,13936,4,3,3,4,4,4,4,3,1,4,4,4,4,4,3,3,4,4,4,3,3,3,4,4,4,3,3,3,3,4,3,3,4,3,4,3,4,Detractor
3293,96468,4,3,3,4,4,4,4,3,3,3,4,3,4,3,3,3,3,4,4,4,3,4,4,4,4,4,4,4,4,4,4,4,3,3,3,1,5,Detractor
3311,74502,1,2,2,1,2,3,2,3,1,2,3,2,3,3,3,3,3,3,3,3,3,3,3,3,3,2,2,2,2,2,2,1,3,3,3,1,5,Detractor
3319,56616,2,4,3,4,4,4,4,1,2,2,4,4,4,4,4,4,3,4,4,4,4,4,4,4,4,4,4,4,4,4,4,3,4,4,4,2,6,Detractor
3326,9126,4,2,3,4,4,4,4,3,3,4,1,3,2,3,1,1,4,3,3,4,3,4,4,4,4,4,4,4,4,4,3,4,3,3,3,16,5,Detractor
3337,84609,4,3,3,3,3,3,3,3,3,3,3,3,4,3,3,3,3,4,4,4,3,4,4,4,4,4,4,4,4,4,4,4,3,3,3,2,6,Detractor
3343,49701,4,4,4,3,4,3,3,3,3,4,4,4,4,4,3,3,3,4,4,4,3,4,4,4,4,4,4,4,4,4,4,4,2,3,3,4,6,Detractor
3365,94410,3,3,3,3,3,3,3,4,4,4,3,3,3,3,2,1,3,2,3,3,1,3,3,3,3,4,4,4,4,4,4,4,1,3,1,4,5,Detractor
3376,55501,2,2,1,3,4,3,3,2,2,2,3,3,3,3,3,3,3,3,3,3,3,3,2,2,1,4,4,4,4,3,3,3,1,1,2,7,0,Detractor
3396,6708,3,3,3,3,4,4,4,2,2,3,4,4,4,3,3,2,2,3,3,3,2,3,4,4,4,4,3,3,4,3,4,3,3,3,2,4,6,Detractor
3404,19217,3,3,3,4,4,4,4,3,3,3,3,3,3,3,3,3,3,3,3,3,3,4,4,4,4,4,4,4,4,4,4,4,3,3,3,2,5,Detractor
3415,21828,3,2,2,4,4,3,3,3,3,3,3,3,3,3,3,3,3,3,3,3,3,3,3,3,3,3,3,3,3,3,3,3,3,3,3,2,5,Detractor
3421,32087,2,2,2,4,4,4,4,3,3,3,3,3,3,3,3,3,3,3,3,3,3,3,3,3,3,3,3,3,3,3,3,2,2,2,2,1,5,Detractor
3424,32089,4,4,3,4,4,4,4,4,4,4,4,4,4,4,3,4,4,4,4,4,3,4,4,4,4,4,4,4,4,4,4,4,3,4,4,2,6,Detractor
3436,59888,3,3,2,4,4,4,4,3,3,4,3,3,3,3,3,3,3,3,3,3,3,4,4,3,4,4,4,4,4,4,4,4,3,3,3,2,5,Detractor
3467,86002,3,3,2,4,3,3,3,3,3,3,2,1,1,1,3,3,3,3,3,2,3,2,2,2,2,2,3,3,3,3,1,3,1,1,1,3,3,Detractor
3482,51350,4,4,4,4,4,4,4,3,3,3,3,3,4,3,3,3,3,4,4,4,2,4,4,4,4,4,4,4,4,4,4,4,3,4,4,5,2,Detractor
3485,27790,3,3,3,4,4,4,4,4,3,4,4,4,4,4,3,3,3,4,4,4,3,4,4,4,4,4,4,4,4,4,4,4,3,3,3,1,5,Detractor
3494,70574,4,3,3,4,4,4,4,3,3,4,4,3,4,4,3,3,3,4,4,4,3,4,4,4,4,4,4,4,4,4,4,4,3,3,3,3,5,Detractor
3507,10673,3,3,3,3,3,3,3,3,3,3,3,3,3,3,2,2,3,3,3,3,2,3,3,3,3,3,3,3,3,3,3,3,2,2,3,1,6,Detractor
3509,10676,4,4,3,4,4,4,4,4,4,4,4,4,4,4,4,4,4,4,4,4,4,4,4,4,4,3,4,4,4,4,4,4,4,4,4,1,6,Detractor
3520,63802,3,3,2,2,2,2,2,3,2,3,3,3,3,3,1,4,2,2,3,3,1,2,4,2,2,3,3,3,3,3,3,3,2,2,2,2,6,Detractor
3529,60420,2,1,2,2,2,3,2,3,3,2,1,2,3,2,1,1,3,2,2,3,2,3,3,3,3,2,2,2,2,2,2,2,2,2,1,9,2,Detractor
3546,8159,4,1,1,4,4,4,4,3,3,4,3,3,4,3,2,1,3,3,4,4,3,2,4,4,4,4,4,4,4,4,4,4,3,3,3,1,5,Detractor
3564,66381,3,2,1,4,4,4,4,4,2,4,3,3,3,3,3,3,3,3,3,4,3,4,4,4,4,3,3,3,3,3,3,3,3,4,3,2,5,Detractor
3592,82870,3,3,2,3,4,4,4,3,3,3,3,3,3,3,3,3,3,3,3,3,3,3,3,3,3,3,3,3,3,3,3,3,3,3,3,3,4,Detractor
3595,35409,3,3,2,4,4,4,4,3,2,3,3,3,3,3,3,3,3,3,3,3,3,4,3,2,3,3,4,3,3,4,3,4,3,4,3,4,6,Detractor
3597,38865,3,3,2,3,4,4,4,3,3,4,3,3,3,3,3,3,3,3,3,3,3,4,4,3,4,4,4,4,4,4,3,4,3,3,3,3,6,Detractor
3601,21800,4,4,4,4,4,4,4,4,4,4,4,4,4,4,4,4,4,4,4,4,4,4,4,4,4,4,4,4,4,4,4,4,4,4,4,4,6,Detractor
3607,85152,2,3,2,1,1,3,3,3,2,3,3,3,3,3,3,3,3,3,3,4,3,3,3,3,3,4,4,4,3,4,3,4,4,4,4,2,5,Detractor
3612,12174,3,3,3,3,4,4,4,2,2,3,3,3,4,3,3,3,3,4,3,3,3,3,2,2,2,3,3,3,3,3,3,3,3,3,3,0,6,Detractor
3614,12173,4,3,2,4,4,4,4,3,2,3,2,3,4,2,1,1,1,3,4,4,1,3,3,3,2,4,4,4,4,4,4,4,1,1,1,2,5,Detractor
3620,8978,3,3,2,2,2,3,2,2,1,2,2,3,3,2,1,1,1,2,2,1,1,2,2,2,3,3,3,2,3,3,2,3,1,1,1,3,5,Detractor
3632,49134,2,1,2,4,4,4,4,3,3,3,3,3,3,3,3,3,3,3,3,3,3,3,3,3,3,3,3,3,3,3,2,3,3,3,3,1,4,Detractor
3640,38251,3,3,2,4,4,4,3,3,3,3,3,3,3,3,1,1,2,3,3,3,1,4,4,4,4,4,4,4,4,4,4,3,2,3,3,5,6,Detractor
3649,5898,3,3,2,4,3,3,4,3,3,3,2,1,2,2,2,1,2,3,1,2,2,3,3,3,3,3,3,3,4,4,4,4,1,3,2,5,5,Detractor
3677,97775,2,2,2,4,4,4,4,4,4,4,3,4,4,3,3,3,3,4,3,4,3,4,4,4,4,4,4,4,4,4,4,4,3,3,3,12,5,Detractor
3688,9476,3,4,4,4,4,4,4,3,3,3,3,3,3,3,3,3,3,3,3,3,3,4,4,4,4,4,4,4,4,4,4,4,3,3,3,7,6,Detractor
3710,71648,4,4,4,4,4,4,4,4,4,4,4,4,4,4,3,3,3,3,4,4,3,4,4,4,4,3,3,3,3,3,3,3,4,4,4,3,4,Detractor
3714,17706,3,3,3,4,4,4,4,3,3,3,3,3,4,3,3,3,3,3,4,4,3,3,4,4,4,3,3,3,3,3,3,3,3,3,3,1,6,Detractor
3737,6483,3,3,2,3,3,3,4,3,3,3,3,3,3,3,3,3,2,4,3,2,3,3,3,2,3,4,4,4,4,3,3,4,2,3,2,5,6,Detractor
3744,91860,2,3,3,2,3,3,3,1,3,2,2,3,3,3,3,3,3,3,3,3,3,3,3,3,3,2,3,3,3,2,2,3,3,3,3,4,6,Detractor
3754,13709,4,3,3,1,4,4,4,3,3,4,4,3,4,4,3,3,4,4,4,4,3,4,4,4,4,4,4,4,4,4,4,4,3,4,3,3,6,Detractor
3794,62851,3,4,2,4,4,4,4,3,3,4,4,1,3,2,4,2,4,4,4,4,3,4,4,4,4,4,4,4,4,4,4,4,3,3,3,2,6,Detractor
3802,12418,3,4,3,4,3,4,4,4,3,4,4,4,4,4,3,3,3,4,4,4,3,4,4,4,4,4,4,4,4,4,4,4,3,3,3,0,5,Detractor
3806,79075,3,2,2,1,2,3,1,2,2,1,2,2,2,3,1,3,1,3,2,2,1,4,4,4,3,3,3,3,3,3,2,3,2,3,2,4,4,Detractor
3809,30263,4,4,4,4,4,4,4,4,4,4,4,4,4,4,3,3,3,4,4,4,3,4,4,4,4,4,4,4,4,4,4,4,3,4,3,11,1,Detractor
3816,12416,4,3,4,4,4,4,4,2,3,3,4,4,2,3,2,3,2,3,3,3,2,4,4,4,4,4,4,4,4,3,2,3,3,4,4,2,2,Detractor
3820,85883,2,2,2,3,3,3,3,3,3,3,2,1,1,2,2,2,2,3,2,1,1,3,3,3,3,3,3,3,3,3,2,3,2,1,2,7,2,Detractor
3829,32104,3,2,2,4,3,4,3,1,1,3,3,3,2,1,3,3,3,3,3,3,3,4,4,4,4,4,4,3,3,4,3,4,3,3,3,1,6,Detractor
3834,32103,4,3,3,3,4,2,3,4,3,4,3,2,3,3,2,1,3,3,3,3,1,4,4,4,4,4,4,4,4,4,4,4,3,3,3,5,6,Detractor
3847,61190,4,4,2,4,4,4,4,3,3,3,2,4,4,3,3,3,3,4,1,3,2,3,4,3,4,4,4,4,4,4,4,4,2,2,2,3,6,Detractor
3859,16496,3,2,2,3,3,3,3,3,3,3,3,3,3,3,2,3,3,3,3,3,2,2,3,2,3,3,2,2,2,3,2,1,3,3,3,1,3,Detractor
3864,69777,4,3,2,4,4,3,4,4,1,3,3,3,3,3,3,3,3,3,4,4,3,2,2,2,3,4,4,4,4,4,1,4,3,3,3,4,6,Detractor
3881,17725,4,3,3,4,4,4,4,3,3,4,4,4,4,4,3,3,3,4,4,4,3,4,4,4,4,4,4,4,4,4,4,4,3,4,3,1,6,Detractor
3882,17726,4,4,3,4,4,4,4,4,4,4,4,4,4,4,3,4,3,4,4,4,3,4,4,4,4,4,4,4,4,4,4,4,3,4,3,7,5,Detractor
3883,17722,3,3,3,3,3,3,3,3,3,3,3,3,3,3,3,3,3,3,3,3,3,4,4,4,4,4,4,4,4,4,4,4,3,3,3,2,6,Detractor
3887,85507,3,3,3,3,3,3,3,3,3,3,3,3,3,3,3,3,3,3,3,3,3,3,3,3,3,3,3,3,3,3,3,3,3,3,3,6,6,Detractor
3889,33211,2,3,3,4,4,4,4,3,3,3,3,3,3,3,3,3,3,3,3,3,3,4,4,3,4,4,4,4,4,4,4,4,3,3,3,3,6,Detractor
3896,21257,3,3,3,4,4,4,4,3,3,3,3,3,3,3,3,3,3,3,3,3,3,3,3,3,3,3,3,3,3,3,3,3,3,3,3,1,5,Detractor
3897,79692,3,3,2,4,4,4,4,4,3,3,3,3,3,3,3,3,3,3,3,3,3,4,4,3,4,4,4,4,4,4,3,4,2,3,3,4,5,Detractor
3902,70930,3,2,3,3,3,3,3,3,3,3,2,3,2,3,3,3,3,3,3,3,3,3,3,3,3,3,3,3,3,3,4,4,3,3,3,3,0,Detractor
3913,50258,4,4,4,4,4,4,4,4,4,4,4,4,4,4,4,4,4,4,4,4,4,4,4,4,4,4,4,4,4,4,4,4,4,4,4,6,5,Detractor
3923,67969,2,2,2,2,2,2,2,3,3,3,3,3,3,3,3,3,3,3,3,3,2,3,3,3,3,3,3,3,3,3,3,3,1,2,1,2,5,Detractor
3937,64114,2,2,3,3,4,4,4,3,4,4,1,3,1,2,2,2,1,3,4,4,3,2,3,3,3,4,4,4,4,4,2,4,2,2,2,3,5,Detractor
3941,82611,4,2,2,4,4,4,4,3,3,3,3,3,3,3,3,3,3,3,3,3,3,4,4,4,4,4,4,3,4,4,3,4,3,3,3,2,0,Detractor
3943,63695,3,3,2,3,3,3,3,3,3,2,2,3,3,4,3,3,3,3,3,3,2,4,4,4,4,4,4,4,4,4,4,4,3,3,3,1,5,Detractor
3955,9623,3,3,1,4,4,3,4,4,3,4,3,3,1,2,3,3,3,3,3,3,3,4,4,3,4,4,4,3,3,4,4,3,3,3,3,1,6,Detractor
3956,9622,3,3,3,3,3,3,3,3,2,3,3,3,3,2,2,3,3,4,2,3,1,3,3,3,3,3,3,3,3,3,3,3,2,3,2,1,5,Detractor
3977,52301,4,4,3,2,4,4,3,1,3,3,3,1,3,3,1,2,3,3,4,4,4,2,2,3,3,4,4,4,4,4,4,4,2,3,3,3,6,Detractor
3994,23463,3,2,3,3,3,4,3,3,3,3,2,3,2,3,1,3,2,3,3,3,2,3,3,3,3,1,1,2,2,2,3,3,1,3,2,4,0,Detractor
4000,97521,2,2,2,4,4,4,4,3,3,3,3,3,3,3,3,3,3,4,3,3,3,3,3,3,3,3,4,3,4,3,3,3,3,3,3,10,0,Detractor
4016,81609,3,3,3,3,4,3,3,3,3,3,3,1,3,2,1,2,1,3,2,2,2,3,3,3,3,2,3,2,3,3,3,3,3,3,3,2,6,Detractor
4026,9435,3,3,2,4,4,4,4,4,4,4,1,3,1,1,3,2,3,3,3,3,2,4,4,4,4,3,3,3,3,3,3,4,3,3,3,6,5,Detractor
4028,60431,3,3,2,4,4,4,4,3,3,3,3,3,3,3,3,3,3,3,3,3,3,4,4,3,4,4,4,4,4,4,4,4,3,3,3,1,5,Detractor
4047,11968,2,2,2,4,4,4,4,4,4,4,4,4,4,4,4,4,4,4,4,4,4,4,4,4,4,4,4,4,4,4,4,4,4,4,4,4,5,Detractor
4052,61157,3,3,2,3,3,4,3,4,3,3,2,2,3,1,2,1,2,2,3,3,2,3,3,3,2,2,2,2,2,2,2,3,1,2,2,4,6,Detractor
4072,19167,3,3,3,4,4,4,4,3,3,3,3,3,3,3,3,3,3,3,3,3,3,3,3,3,3,3,3,3,3,3,3,3,3,3,3,5,6,Detractor
4092,53986,3,3,3,4,3,3,3,4,3,3,2,1,3,2,2,1,3,2,2,2,2,3,2,2,3,1,2,2,2,2,3,2,2,2,2,6,6,Detractor
4094,82890,3,3,3,4,4,4,4,3,4,4,4,4,3,3,3,3,3,3,3,3,3,4,4,4,4,2,3,3,3,3,3,3,4,4,4,3,6,Detractor
4109,6346,3,3,1,3,4,4,4,3,3,3,3,3,3,3,3,3,3,3,3,3,3,4,4,3,3,4,4,3,4,4,3,4,3,3,3,7,4,Detractor
4116,57331,3,2,1,3,3,3,3,3,3,3,3,3,3,3,3,3,3,3,3,3,3,3,3,2,3,3,3,2,3,3,2,2,1,2,2,2,4,Detractor
4121,21712,4,3,3,4,3,4,4,4,3,4,4,3,4,4,4,3,4,4,4,4,4,4,4,4,3,3,4,4,3,4,4,4,3,3,3,1,6,Detractor
4122,37569,4,2,2,3,4,3,3,3,3,3,3,4,2,1,1,3,2,3,3,1,1,1,2,1,2,3,3,3,3,3,3,2,3,3,3,2,4,Detractor
4132,20049,2,3,2,4,4,4,4,3,3,3,3,3,3,3,3,3,3,3,3,3,3,4,4,3,3,3,4,3,4,3,3,3,3,3,3,7,5,Detractor
4134,29246,3,4,2,2,3,3,2,3,3,3,3,3,4,3,3,3,3,3,3,3,3,4,4,4,4,3,3,3,3,3,3,3,3,3,3,9,6,Detractor
4142,47645,3,3,1,3,4,4,3,3,3,3,2,3,2,2,1,3,3,3,2,3,2,4,4,4,4,4,4,4,4,4,3,3,3,3,3,3,3,Detractor
4145,71542,2,3,2,3,3,3,3,1,2,2,3,3,3,3,2,1,2,3,3,3,3,3,3,3,3,3,3,3,3,3,3,3,3,2,3,2,5,Detractor
4146,8289,3,4,3,4,4,4,4,3,2,4,4,4,4,4,1,1,3,4,4,4,3,4,3,4,4,1,4,2,3,4,4,4,3,3,3,6,6,Detractor
4152,76998,3,3,2,4,3,4,3,3,3,3,3,3,3,3,3,3,3,3,3,3,3,3,3,1,3,3,3,3,3,3,3,3,3,3,3,3,6,Detractor
4158,39143,3,3,2,3,3,3,3,2,1,2,2,3,3,2,3,4,4,3,3,3,3,3,3,3,4,4,4,3,3,4,3,4,1,2,2,2,5,Detractor
4171,88667,4,4,4,3,3,3,3,3,3,3,3,2,2,2,3,3,3,3,3,3,3,4,4,4,4,4,4,4,4,4,4,4,3,3,3,1,1,Detractor
4190,78142,3,3,2,3,3,4,4,3,2,3,3,3,3,4,3,3,3,3,3,3,3,3,3,3,4,3,4,3,3,3,3,3,3,3,3,4,6,Detractor
4217,15484,3,3,3,4,4,4,4,3,3,4,3,3,3,3,3,3,3,3,3,4,3,4,3,4,4,3,3,3,3,3,3,2,3,3,3,6,6,Detractor
4219,7786,4,3,3,4,4,4,4,3,3,3,4,3,4,3,3,3,3,3,4,4,3,4,4,4,4,4,4,4,4,4,4,4,2,3,3,3,5,Detractor
4221,7781,4,3,3,4,4,4,4,2,1,2,2,3,1,2,2,2,3,3,3,3,3,3,3,4,3,4,4,4,4,4,4,4,4,4,4,3,6,Detractor
4225,44948,3,3,3,4,4,4,4,3,3,3,2,3,3,2,2,3,3,4,3,3,2,4,4,4,3,4,4,3,3,3,3,3,2,3,3,6,4,Detractor
4235,89455,3,3,3,3,3,4,3,3,2,3,3,3,3,3,2,2,3,3,3,3,2,4,4,4,4,4,4,4,4,4,4,4,3,4,3,6,6,Detractor
4240,5719,3,1,2,4,4,4,4,3,3,4,4,4,4,4,2,3,4,4,3,3,3,1,2,3,1,2,2,2,1,3,3,3,3,3,3,12,0,Detractor
4246,20509,3,2,2,4,3,3,3,3,3,3,2,3,3,2,2,3,3,3,2,3,3,4,4,3,4,3,4,4,4,4,3,3,3,3,3,3,6,Detractor
4248,88855,4,4,4,4,4,4,4,4,3,4,4,4,4,4,3,4,3,4,4,4,4,3,3,3,3,4,4,4,4,4,4,4,3,4,4,3,5,Detractor
4267,42577,2,2,2,4,4,4,3,3,3,3,3,3,3,3,3,3,3,3,3,3,3,3,4,3,3,4,4,3,3,3,3,4,1,1,1,4,6,Detractor
4271,21268,3,3,3,4,4,4,4,3,3,3,3,3,4,3,3,3,3,4,4,4,3,4,4,4,4,4,4,4,4,4,4,4,3,3,3,2,5,Detractor
4282,84285,2,3,2,3,3,2,2,3,3,3,3,3,3,3,3,3,3,3,3,3,3,3,3,3,3,3,4,3,3,3,3,3,3,3,3,5,5,Detractor
4292,85868,3,3,3,4,4,4,4,3,2,3,2,3,3,3,2,2,3,3,2,3,2,3,3,3,3,3,3,3,3,3,3,3,3,3,3,1,6,Detractor
4295,59688,3,2,1,3,3,3,3,1,1,1,2,2,2,2,1,1,1,1,3,2,1,2,2,1,2,4,4,4,4,2,2,4,2,2,2,6,2,Detractor
4296,5329,3,3,2,4,4,4,4,3,3,4,3,3,3,3,3,3,3,3,3,3,3,4,4,3,4,4,4,4,4,4,3,4,3,3,3,2,6,Detractor
4305,48905,3,3,3,4,4,4,4,4,3,4,3,3,3,3,3,3,3,3,3,3,3,3,3,3,4,4,4,4,4,4,4,4,3,3,3,3,5,Detractor
4318,7570,1,1,1,3,3,4,3,3,3,3,3,3,3,3,2,3,3,3,3,3,2,4,4,4,3,1,1,2,2,1,1,1,3,3,3,0,0,Detractor
4322,79499,3,3,2,3,3,4,3,2,1,4,4,4,1,2,3,4,4,4,3,3,4,4,4,4,3,4,4,3,4,4,2,4,1,1,1,3,5,Detractor
4349,51778,2,4,3,4,4,4,4,4,3,4,3,3,3,3,3,3,3,4,3,3,3,2,2,2,2,4,4,4,4,3,3,3,3,3,3,1,5,Detractor
4365,6068,4,3,2,4,3,4,4,3,3,3,2,2,3,2,1,1,1,3,2,3,2,4,4,3,3,3,3,3,3,4,4,3,2,3,2,8,4,Detractor
4366,6069,3,3,1,4,4,4,3,3,3,3,3,3,3,3,3,3,3,3,3,3,3,4,4,3,4,4,4,3,4,4,3,4,3,3,3,2,2,Detractor
4372,21693,3,3,3,4,4,4,4,3,3,3,4,3,3,3,3,3,3,3,3,3,3,3,4,3,3,3,4,4,3,4,3,2,1,1,1,6,6,Detractor
4384,5344,4,3,3,4,4,4,4,3,3,4,4,3,4,4,3,3,3,4,4,4,3,4,4,4,4,4,4,4,4,4,4,4,3,4,3,1,5,Detractor
4401,8676,3,2,2,3,3,3,3,2,3,3,2,2,3,2,1,2,2,3,2,3,1,3,3,3,3,3,3,3,3,3,3,3,3,3,3,4,5,Detractor
4407,27693,4,4,4,4,4,4,4,4,4,4,3,4,4,4,3,4,3,4,4,4,4,4,4,4,4,4,4,4,4,4,4,4,4,4,4,2,2,Detractor
4414,48868,2,3,3,4,3,4,3,1,4,1,3,1,2,2,1,1,2,3,2,2,2,4,4,3,2,3,4,4,4,3,2,3,4,4,4,3,6,Detractor
4418,12528,4,3,3,4,4,4,4,4,4,4,4,4,4,4,3,3,3,4,3,4,3,4,4,4,4,4,4,4,4,4,4,4,3,3,3,4,5,Detractor
4432,63988,2,3,2,4,4,4,4,3,3,4,3,3,3,3,3,3,3,3,3,3,3,4,4,3,4,4,4,4,4,4,3,4,3,3,3,4,6,Detractor
4448,85147,4,3,3,4,4,4,4,3,3,3,3,3,3,3,3,3,3,3,3,3,3,3,3,3,3,3,3,3,3,3,3,3,3,3,3,7,5,Detractor
4463,36920,3,3,3,3,3,3,3,4,2,2,2,3,3,3,1,2,1,2,2,2,2,3,3,2,3,1,2,2,2,2,2,3,3,3,3,2,6,Detractor
4464,14966,1,1,1,3,3,3,3,1,2,3,2,2,2,3,1,1,1,1,1,1,1,3,4,2,2,3,3,2,3,3,3,3,2,3,3,1,0,Detractor
4476,68698,4,3,3,4,4,4,4,4,3,4,3,3,3,3,3,3,3,4,4,4,3,4,4,4,4,4,4,4,4,4,4,4,1,4,2,7,5,Detractor
4480,6892,4,2,1,4,4,4,3,3,3,3,3,3,3,3,2,3,3,3,3,3,3,4,4,3,3,3,4,3,4,3,3,3,3,3,3,6,0,Detractor
4481,15785,3,3,3,3,4,3,3,3,3,3,3,3,3,3,3,3,3,3,3,3,3,3,1,3,3,4,4,3,4,3,3,3,3,3,3,2,2,Detractor
4487,34387,3,3,2,3,3,3,3,3,3,3,3,2,3,3,2,2,3,3,3,3,2,4,4,4,4,4,4,4,4,4,4,4,3,3,3,3,6,Detractor
4506,7594,3,3,2,4,4,4,3,3,3,3,2,3,2,3,2,1,3,2,3,1,3,3,3,3,3,3,4,3,3,3,3,3,2,3,3,4,5,Detractor
4510,61119,3,3,2,3,3,3,3,3,3,3,3,3,3,3,2,1,3,3,3,3,2,3,3,3,3,3,3,3,3,3,3,3,2,2,2,2,6,Detractor
4522,89312,3,3,3,4,4,4,4,4,3,4,3,3,3,3,3,3,3,3,3,3,3,4,4,2,2,2,2,3,3,4,4,4,3,3,3,5,5,Detractor
4532,56980,4,4,3,4,4,4,4,4,4,4,4,4,4,4,3,3,3,4,4,4,4,4,4,4,4,4,4,4,4,4,4,4,4,4,4,3,4,Detractor
4533,90958,2,3,3,4,4,4,4,3,3,3,3,3,3,3,3,3,3,3,4,3,3,4,4,3,4,4,4,4,4,4,4,4,2,3,3,2,6,Detractor
4534,73413,3,3,3,4,4,4,4,3,3,3,3,3,3,3,3,3,3,3,3,3,3,3,3,3,4,4,4,4,4,4,4,4,3,3,3,5,5,Detractor
4535,57586,3,2,2,4,4,4,4,2,2,3,3,4,4,3,1,1,3,3,3,3,1,3,4,3,3,4,4,4,4,4,3,3,3,3,3,1,4,Detractor
4537,82930,2,3,3,4,4,3,4,3,3,3,3,2,3,3,3,3,3,4,3,3,3,4,4,4,4,3,4,4,4,4,4,4,2,3,3,13,6,Detractor
4539,20637,2,3,3,4,4,4,4,3,3,3,3,3,3,3,3,3,3,3,3,3,3,4,4,4,4,4,4,4,4,4,4,4,3,3,3,13,6,Detractor
4542,6040,2,3,3,4,4,4,4,3,3,3,3,2,2,2,1,2,2,3,3,3,2,4,4,4,4,4,4,4,3,4,3,4,3,3,3,2,3,Detractor
4546,54802,4,3,3,4,4,4,4,3,3,4,3,3,4,3,3,3,3,4,3,3,3,4,4,4,4,4,4,4,4,4,4,4,3,4,3,1,5,Detractor
4548,62979,4,4,3,4,4,4,4,4,4,4,4,4,4,4,3,3,3,3,3,3,3,4,4,4,4,4,4,4,4,4,4,4,3,3,3,1,4,Detractor
4559,68191,4,4,4,4,4,4,4,3,4,3,4,3,4,4,3,3,4,4,4,4,4,4,4,4,4,4,4,4,4,4,4,4,4,4,4,2,6,Detractor
4576,84746,3,3,3,2,2,3,2,2,2,2,2,2,2,2,1,2,1,2,2,2,1,3,3,3,3,3,3,3,3,3,3,3,2,2,2,1,5,Detractor
4581,67474,3,3,3,4,4,4,4,3,3,3,3,1,3,3,2,3,3,3,3,3,3,3,4,3,3,3,4,3,3,4,3,3,2,2,2,7,6,Detractor
4612,21224,3,3,3,3,4,4,4,3,3,4,3,2,3,3,2,3,3,4,3,2,3,3,4,3,3,4,4,4,4,3,3,3,2,3,3,4,6,Detractor
4619,25979,2,3,2,3,3,3,3,3,3,3,3,1,3,3,2,4,3,4,4,4,2,3,3,3,3,4,4,3,3,3,3,3,3,3,3,5,5,Detractor
4622,6500,3,3,2,3,3,3,3,3,3,3,3,3,3,3,3,3,3,3,3,3,3,4,3,3,3,4,4,4,4,4,4,4,3,3,3,2,5,Detractor
4636,85772,3,3,3,4,4,4,4,4,4,4,4,4,4,4,4,4,4,4,4,4,4,4,4,4,4,4,4,4,4,4,4,4,4,4,4,2,6,Detractor
4647,72158,2,2,1,4,4,4,4,4,2,3,2,2,1,1,1,1,3,1,1,1,1,3,3,3,3,2,3,2,2,2,1,1,1,1,1,9,0,Detractor
4650,59397,1,2,1,2,3,1,2,1,1,1,1,4,2,3,2,3,4,1,1,1,1,1,1,1,1,4,4,4,4,2,2,2,1,1,1,6,0,Detractor
4653,77854,4,3,3,4,4,4,4,3,3,4,3,3,4,4,3,3,3,4,4,4,3,3,3,3,3,4,4,4,4,3,3,3,3,3,3,6,5,Detractor
4678,31881,3,3,3,4,4,4,4,4,3,4,3,3,3,3,3,3,3,3,3,3,3,4,4,3,3,3,4,4,4,4,4,4,3,3,3,7,6,Detractor
4686,56708,2,2,2,3,3,3,3,3,3,3,3,3,3,3,3,3,3,3,3,3,3,2,2,2,2,3,3,3,3,3,3,4,2,2,2,2,0,Detractor
4691,31941,3,4,4,4,4,4,4,3,3,3,4,4,4,4,3,4,4,4,4,4,3,4,4,3,4,4,4,4,4,4,4,3,3,3,3,3,6,Detractor
4728,71716,4,3,1,4,4,4,4,3,3,3,3,3,3,3,3,3,3,4,4,4,3,4,4,4,4,4,4,4,4,4,4,4,3,3,3,0,3,Detractor
4730,62049,3,3,3,3,3,3,2,3,3,4,3,3,3,3,3,3,3,3,3,3,3,4,4,3,4,4,4,4,3,4,3,3,3,3,3,3,6,Detractor
4731,62048,3,3,3,4,3,4,3,3,3,3,2,3,2,2,2,2,2,2,2,2,2,3,4,3,3,1,3,2,2,3,2,2,3,3,3,6,6,Detractor
4737,87319,3,3,3,4,4,4,4,2,3,3,4,4,4,4,4,4,4,4,4,4,4,4,4,4,4,4,4,4,4,4,4,4,3,3,3,6,6,Detractor
4752,12562,4,4,3,4,4,4,4,4,4,4,4,4,4,4,2,1,1,2,2,2,2,3,3,3,3,3,3,3,3,3,3,3,2,2,2,2,5,Detractor
4762,22054,2,3,3,3,3,4,3,3,3,3,2,3,3,2,3,3,3,3,3,3,3,3,3,3,3,3,3,3,3,3,3,3,3,3,3,3,6,Detractor
4769,90505,4,4,4,3,3,3,3,4,4,4,3,3,3,3,3,3,3,3,3,3,3,3,3,3,4,3,3,3,3,3,3,3,3,3,3,3,5,Detractor
4785,48514,2,2,2,2,3,3,2,3,3,3,3,3,3,3,3,1,1,3,3,3,2,4,3,3,3,3,4,3,3,4,3,3,1,3,1,1,6,Detractor
4800,58398,3,3,2,3,4,4,4,3,3,4,3,3,3,3,3,3,3,3,3,3,3,4,4,3,4,4,4,4,4,4,3,4,3,3,3,1,6,Detractor
4803,8755,3,3,1,2,2,2,2,3,2,2,2,2,2,2,2,1,2,2,2,3,2,3,2,2,3,3,4,3,3,2,2,3,1,2,1,12,0,Detractor
4808,39414,3,3,2,3,2,3,3,3,2,2,2,2,2,2,2,2,3,3,3,3,3,4,4,3,3,4,4,4,3,3,3,3,3,3,3,2,6,Detractor
4819,24512,4,3,3,3,3,3,3,3,3,3,3,3,3,3,1,3,2,3,3,3,1,4,4,4,4,4,4,4,4,4,4,4,3,3,3,5,5,Detractor
4824,70491,4,4,4,4,4,4,4,3,3,4,3,1,3,3,3,2,3,3,3,3,3,4,4,4,4,4,4,4,4,4,4,4,2,3,2,5,4,Detractor
4833,89353,3,3,3,4,4,4,4,3,3,3,2,3,3,2,3,2,2,2,3,4,3,4,4,4,4,4,4,3,3,4,3,3,1,3,2,2,6,Detractor
4869,54846,2,2,2,4,4,4,4,4,3,3,3,4,4,3,4,3,4,4,3,3,2,4,4,3,3,2,4,3,4,3,4,4,3,3,3,6,3,Detractor
4874,5099,2,4,3,4,4,4,4,4,4,4,3,3,4,3,3,3,3,3,4,4,3,4,4,4,4,4,4,4,4,4,4,4,3,3,3,2,5,Detractor
4876,5093,3,3,3,4,3,4,3,1,2,3,2,1,3,2,2,1,3,3,2,3,3,4,4,3,3,4,4,3,3,3,3,3,3,3,3,3,6,Detractor
4883,5320,3,1,1,2,2,3,2,2,1,1,3,3,3,3,2,3,3,3,3,2,2,3,3,3,3,3,3,3,3,3,1,2,2,1,1,1,0,Detractor
4893,87839,3,3,2,4,4,4,3,3,3,3,3,3,3,3,3,3,3,3,3,3,3,3,3,3,3,3,4,3,3,3,3,3,1,1,1,8,5,Detractor
4908,81456,3,3,3,4,4,4,4,3,3,3,4,3,3,3,3,3,3,3,4,3,3,4,4,3,4,4,4,4,4,4,4,4,3,3,3,4,6,Detractor
4910,8566,4,3,2,4,4,4,4,4,3,4,4,4,4,4,3,2,3,3,3,2,2,2,3,2,2,3,3,3,3,3,3,3,3,3,3,2,5,Detractor
4925,26586,4,3,1,2,3,2,2,2,2,2,3,3,3,3,3,3,2,3,3,3,2,2,2,2,3,3,3,2,2,3,2,3,2,2,2,1,6,Detractor
4949,83803,3,3,3,4,4,4,4,3,3,3,3,3,3,3,3,3,3,3,3,3,3,4,3,3,4,4,4,4,4,4,4,4,3,3,3,1,5,Detractor
4958,70810,2,3,2,3,3,3,3,3,3,3,3,3,3,3,3,3,3,3,3,3,3,3,3,3,3,3,3,3,3,3,3,3,3,3,3,4,6,Detractor
4979,7299,2,2,2,4,4,4,4,3,1,4,3,1,2,2,3,3,3,4,1,3,2,4,4,4,4,4,3,3,3,3,2,2,3,3,3,4,3,Detractor
4985,5630,4,3,3,4,4,4,4,3,3,4,4,3,4,4,3,3,3,4,4,4,3,4,4,4,4,4,4,4,4,4,4,4,3,3,3,2,6,Detractor
